DATE,SITE,SECTION,LOCATION,PLOT,SIZE
12/13/2017,RFB3,1,Windward,1,82.4
12/13/2017,RFB3,1,Windward,1,105
12/13/2017,RFB3,1,Windward,1,82.4
12/13/2017,RFB3,1,Windward,1,77.2
12/13/2017,RFB3,1,Windward,2,69.9
12/13/2017,RFB3,1,Windward,2,61.8
12/13/2017,RFB3,1,Windward,2,95.2
12/13/2017,RFB3,1,Windward,2,102.2
12/13/2017,RFB3,1,Windward,2,73.7
12/13/2017,RFB3,1,Windward,2,72.3
12/13/2017,RFB3,1,Windward,2,67.4
12/13/2017,RFB3,1,Leeward,1,82.7
12/13/2017,RFB3,1,Leeward,1,102.1
12/13/2017,RFB3,1,Leeward,2,103
12/13/2017,RFB3,1,Leeward,2,82.7
12/13/2017,RFB3,1,Leeward,2,97.3
12/13/2017,RFB3,1,Leeward,2,72.5
12/13/2017,RFB3,1,Leeward,2,60.1
12/13/2017,RFB3,1,Leeward,3,82.2
12/13/2017,RFB3,1,Leeward,3,90.4
12/13/2017,RFB3,1,Leeward,3,98.7
12/13/2017,RFB3,1,Leeward,3,78.1
12/13/2017,RFB3,1,Leeward,3,37.8
12/13/2017,WAD,2,Windward,1,28.8
12/13/2017,WAD,2,Windward,1,75.1
12/13/2017,WAD,2,Windward,1,71.9
12/13/2017,WAD,2,Windward,1,63.8
12/13/2017,WAD,2,Windward,1,49.8
12/13/2017,WAD,2,Windward,1,52.2
12/13/2017,WAD,2,Windward,1,55.1
12/13/2017,WAD,2,Windward,1,54.1
12/13/2017,WAD,2,Windward,1,76.5
12/13/2017,WAD,2,Windward,1,82.7
12/13/2017,WAD,2,Windward,1,76.7
12/13/2017,WAD,2,Windward,2,62
12/13/2017,WAD,2,Windward,2,35.7
12/13/2017,WAD,2,Windward,2,60.7
12/13/2017,WAD,2,Windward,2,58.7
12/13/2017,WAD,2,Windward,3,82.7
12/13/2017,WAD,2,Windward,3,66.4
12/13/2017,WAD,2,Windward,3,63.3
12/13/2017,WAD,2,Windward,3,60.7
12/13/2017,WAD,2,Windward,3,48.7
12/13/2017,WAD,2,Leeward,1,115.1
12/13/2017,WAD,2,Leeward,1,114.5
12/13/2017,WAD,2,Leeward,1,120.3
12/13/2017,WAD,2,Leeward,1,104.8
12/13/2017,WAD,2,Leeward,2,102.1
12/13/2017,WAD,2,Leeward,2,121.2
12/13/2017,WAD,2,Leeward,2,47.3
12/13/2017,WAD,2,Leeward,2,102
12/13/2017,WAD,2,Leeward,2,97.7
12/13/2017,WAD,2,Leeward,3,104.9
12/13/2017,WAD,2,Leeward,3,90.1
12/13/2017,WAD,2,Leeward,3,81.3
12/13/2017,WAD,2,Leeward,3,80.7
12/13/2017,WAD,2,Leeward,3,78.3
12/13/2017,WAD,2,Leeward,3,97.9
12/13/2017,WAD,2,Leeward,3,87
12/13/2017,WAD,2,Leeward,3,38.4
12/13/2017,WAD,2,Leeward,3,73.4
12/13/2017,WAD,2,Leeward,3,111.5
12/13/2017,WAD,2,Leeward,3,115.8
12/13/2017,WAD,3,Windward,1,52.2
12/13/2017,WAD,3,Windward,1,54.9
12/13/2017,WAD,3,Windward,1,48.4
12/13/2017,WAD,3,Windward,1,63.6
12/13/2017,WAD,3,Windward,1,51
12/13/2017,WAD,3,Windward,1,52.1
12/13/2017,WAD,3,Windward,1,81.7
12/13/2017,WAD,3,Windward,2,65.6
12/13/2017,WAD,3,Windward,2,60.4
12/13/2017,WAD,3,Windward,2,60.2
12/13/2017,WAD,3,Windward,2,57.2
12/13/2017,WAD,3,Windward,2,49.9
12/13/2017,WAD,3,Windward,2,62.3
12/13/2017,WAD,3,Windward,2,84.8
12/13/2017,WAD,3,Windward,2,70.4
12/13/2017,WAD,3,Windward,2,60.5
12/13/2017,WAD,3,Windward,3,60.3
12/13/2017,WAD,3,Windward,3,71.7
12/13/2017,WAD,3,Windward,3,65.6
12/13/2017,WAD,3,Windward,3,56.8
12/13/2017,WAD,3,Windward,3,53.7
12/13/2017,WAD,3,Windward,3,71.9
12/13/2017,WAD,3,Windward,3,64.9
12/13/2017,WAD,3,Windward,3,80.2
12/13/2017,WAD,3,Windward,3,52.5
12/13/2017,WAD,3,Leeward,1,128.7
12/13/2017,WAD,3,Leeward,1,76.4
12/13/2017,WAD,3,Leeward,1,77.9
12/13/2017,WAD,3,Leeward,1,68.8
12/13/2017,WAD,3,Leeward,1,50.3
12/13/2017,WAD,3,Leeward,2,45.2
12/13/2017,WAD,3,Leeward,2,54.6
12/13/2017,WAD,3,Leeward,2,50.5
12/13/2017,WAD,3,Leeward,3,71.6
12/13/2017,WAD,3,Leeward,3,78.9
12/13/2017,WAD,3,Leeward,3,39.2
12/13/2017,WAD,3,Leeward,3,32.9
12/13/2017,WAD,3,Leeward,3,92.1
12/13/2017,WAD,3,Leeward,3,73.6
12/13/2017,WAD,3,Leeward,3,72.5
12/13/2017,WAD,3,Leeward,3,80.9
12/13/2017,WAD,3,Leeward,3,112.2
12/13/2017,RBL,3,Windward,2,71
12/13/2017,RBL,3,Windward,2,43.3
12/13/2017,RBL,3,Windward,3,44.7
12/13/2017,RBL,3,Windward,3,38.6
12/13/2017,RBL,3,Leeward,1,55.5
12/13/2017,RBL,3,Leeward,1,48.4
12/13/2017,RBL,3,Leeward,1,35.5
12/13/2017,RBL,3,Leeward,2,66.1
12/13/2017,RBL,3,Leeward,2,34.9
12/13/2017,RBL,3,Leeward,2,33.8
12/13/2017,RBL,3,Leeward,2,32.5
12/13/2017,RBL,3,Leeward,2,58.6
12/13/2017,RBL,3,Leeward,3,62.4
12/13/2017,RBL,3,Leeward,3,62.6
12/13/2017,RBL,3,Leeward,3,67.4
12/13/2017,WAD,1,Windward,1,76.5
12/13/2017,WAD,1,Windward,1,52.1
12/13/2017,WAD,1,Windward,1,31.9
12/13/2017,WAD,1,Windward,1,35.5
12/13/2017,WAD,1,Windward,1,29.8
12/13/2017,WAD,1,Windward,2,51.1
12/13/2017,WAD,1,Windward,2,73.9
12/13/2017,WAD,1,Windward,2,48.5
12/13/2017,WAD,1,Windward,3,81.6
12/13/2017,WAD,1,Leeward,1,83.6
12/13/2017,WAD,1,Leeward,1,102.3
12/13/2017,WAD,1,Leeward,1,76.5
12/13/2017,WAD,1,Leeward,2,94.6
12/13/2017,WAD,1,Leeward,2,86.4
12/13/2017,WAD,1,Leeward,2,42.1
12/13/2017,WAD,1,Leeward,3,86.4
12/13/2017,WAD,1,Leeward,3,100.2
12/13/2017,WAD,1,Leeward,3,112.8
12/13/2017,WAD,1,Leeward,3,103.1
12/13/2017,WAD,1,Leeward,3,68.6
12/13/2017,RFB2,2,Windward,1,50
12/13/2017,RFB2,2,Windward,1,50
12/13/2017,RFB2,2,Windward,2,65.5
12/13/2017,RFB2,2,Windward,2,74.9
12/13/2017,RFB2,2,Windward,2,69.2
12/13/2017,RFB2,2,Windward,2,40.9
12/13/2017,RFB2,2,Windward,3,78.5
12/13/2017,RFB2,2,Windward,3,75.4
12/13/2017,RFB2,2,Windward,3,68.7
12/13/2017,RFB2,2,Windward,3,60.4
12/13/2017,RFB2,2,Windward,3,83.5
12/13/2017,RFB2,2,Windward,3,66.8
12/13/2017,RFB2,2,Windward,3,61.9
12/13/2017,RFB2,2,Windward,3,65.6
12/13/2017,RFB2,2,Windward,3,51.9
12/13/2017,RFB2,2,Leeward,1,37.5
12/13/2017,RFB2,2,Leeward,1,60.6
12/13/2017,RFB2,2,Leeward,1,86
12/13/2017,RFB2,2,Leeward,1,94.1
12/13/2017,RFB2,2,Leeward,2,37.5
12/13/2017,RFB2,2,Leeward,2,76
12/13/2017,RFB2,2,Leeward,2,27.2
12/13/2017,RFB2,2,Leeward,3,35.5
12/13/2017,RFB2,2,Leeward,3,82.5
12/13/2017,RFB2,2,Leeward,3,47.8
12/13/2017,RFB2,2,Leeward,3,60.3
12/13/2017,RFB2,2,Leeward,3,58.6
12/13/2017,RFB2,2,Leeward,3,56.9
12/13/2017,RFB2,2,Leeward,3,65.6
12/13/2017,RFB2,1,Windward,1,52
12/13/2017,RFB2,1,Windward,1,66.7
12/13/2017,RFB2,1,Windward,1,62.5
12/13/2017,RFB2,1,Windward,1,62.7
12/13/2017,RFB2,1,Windward,1,56.9
12/13/2017,RFB2,1,Windward,2,46
12/13/2017,RFB2,1,Windward,2,53.8
12/13/2017,RFB2,1,Windward,2,63.5
12/13/2017,RFB2,1,Windward,2,65.6
12/13/2017,RFB2,1,Windward,3,71.7
12/13/2017,RFB2,1,Windward,3,71.9
12/13/2017,RFB2,1,Windward,3,67.4
12/13/2017,RFB2,1,Windward,3,53.7
12/13/2017,RFB2,1,Windward,3,63.8
12/13/2017,RFB2,1,Leeward,1,85.7
12/13/2017,RFB2,1,Leeward,1,71.8
12/13/2017,RFB2,1,Leeward,1,68.6
12/13/2017,RFB2,1,Leeward,1,84.4
12/13/2017,RFB2,1,Leeward,1,88.2
12/13/2017,RFB2,1,Leeward,1,76.5
12/13/2017,RFB2,1,Leeward,1,90.7
12/13/2017,RFB2,1,Leeward,1,77.4
12/13/2017,RFB2,1,Leeward,2,37.2
12/13/2017,RFB2,1,Leeward,2,72.7
12/13/2017,RFB2,1,Leeward,2,62.3
12/13/2017,RFB2,1,Leeward,2,82.1
12/13/2017,RFB2,1,Leeward,2,71.1
12/13/2017,RFB2,1,Leeward,2,70
12/13/2017,RFB2,1,Leeward,3,68.8
12/13/2017,RFB2,1,Leeward,3,94.9
12/13/2017,RFB2,1,Leeward,3,92.8
12/13/2017,RFB2,1,Leeward,3,73.3
12/13/2017,RFB2,1,Leeward,3,76.4
12/13/2017,RFB2,1,Leeward,3,88.8
12/13/2017,OB,1,Leeward,1,75.1
12/13/2017,OB,1,Leeward,1,48.3
12/13/2017,OB,1,Leeward,1,26.1
12/13/2017,OB,1,Leeward,1,70.3
12/13/2017,OB,1,Leeward,1,77.2
12/13/2017,OB,1,Leeward,1,88.2
12/13/2017,OB,1,Leeward,1,58.7
12/13/2017,OB,1,Leeward,1,56.6
12/13/2017,OB,1,Leeward,1,56.7
12/13/2017,OB,1,Leeward,1,30.4
12/13/2017,OB,1,Leeward,2,62.1
12/13/2017,OB,1,Leeward,2,47.3
12/13/2017,OB,1,Leeward,2,63.3
12/13/2017,OB,1,Leeward,2,64.8
12/13/2017,OB,1,Leeward,2,64.9
12/13/2017,OB,1,Leeward,2,64.8
12/13/2017,OB,1,Leeward,2,76.6
12/13/2017,OB,1,Leeward,2,68.4
12/13/2017,OB,1,Leeward,2,78.4
12/13/2017,OB,1,Leeward,2,65.3
12/13/2017,OB,1,Leeward,2,73.5
12/13/2017,OB,1,Leeward,2,63
12/13/2017,OB,1,Leeward,2,56.8
12/13/2017,OB,1,Leeward,3,64.9
12/13/2017,OB,1,Leeward,3,70.9
12/13/2017,OB,1,Leeward,3,73.6
12/13/2017,OB,1,Leeward,3,60.3
12/13/2017,OB,1,Leeward,3,55.4
12/13/2017,OB,1,Leeward,3,62.8
12/13/2017,OB,1,Leeward,3,77.8
12/13/2017,OB,1,Leeward,3,65.3
12/13/2017,OB,1,Leeward,3,90.8
12/13/2017,OB,1,Leeward,3,68.7
12/13/2017,OB,1,Leeward,3,65
12/13/2017,OB,2,Windward,1,46.2
12/13/2017,OB,2,Windward,1,68.1
12/13/2017,OB,2,Windward,1,34.5
12/13/2017,OB,2,Windward,1,30.4
12/13/2017,OB,2,Windward,1,24.7
12/13/2017,OB,2,Windward,2,22.2
12/13/2017,OB,2,Windward,2,29.3
12/13/2017,OB,2,Windward,3,40.7
12/13/2017,OB,2,Windward,3,61.5
12/13/2017,OB,2,Windward,3,48.1
12/13/2017,OB,2,Leeward,1,57.3
12/13/2017,OB,2,Leeward,1,53.8
12/13/2017,OB,2,Leeward,1,33.8
12/13/2017,OB,2,Leeward,1,32.4
12/13/2017,OB,2,Leeward,1,48.1
12/13/2017,OB,2,Leeward,1,41.7
12/13/2017,OB,2,Leeward,1,62.4
12/13/2017,OB,2,Leeward,1,66.6
12/13/2017,OB,2,Leeward,1,66.4
12/13/2017,OB,2,Leeward,1,75.5
12/13/2017,OB,2,Leeward,1,60.6
12/13/2017,OB,2,Leeward,1,78.3
12/13/2017,OB,2,Leeward,2,41.8
12/13/2017,OB,2,Leeward,2,45.6
12/13/2017,OB,2,Leeward,2,43.5
12/13/2017,OB,2,Leeward,2,45.8
12/13/2017,OB,2,Leeward,2,54.9
12/13/2017,OB,2,Leeward,2,52
12/13/2017,OB,2,Leeward,2,60.2
12/13/2017,OB,2,Leeward,2,52.2
12/13/2017,OB,2,Leeward,2,42.7
12/13/2017,OB,2,Leeward,2,53.7
12/13/2017,OB,2,Leeward,2,60.3
12/13/2017,OB,2,Leeward,2,45.6
12/13/2017,OB,2,Leeward,2,52.2
12/13/2017,OB,2,Leeward,3,30.7
12/13/2017,OB,2,Leeward,3,25.8
12/13/2017,OB,2,Leeward,3,48.7
12/13/2017,OB,3,Windward,1,46.6
12/13/2017,OB,3,Windward,1,32.2
12/13/2017,OB,3,Windward,1,42.1
12/13/2017,OB,3,Windward,1,52.3
12/13/2017,OB,3,Windward,1,67.6
12/13/2017,OB,3,Windward,2,48.6
12/13/2017,OB,3,Windward,2,41.8
12/13/2017,OB,3,Windward,2,65.2
12/13/2017,OB,3,Windward,2,34.8
12/13/2017,OB,3,Windward,2,31.9
12/13/2017,OB,3,Windward,2,42.1
12/13/2017,OB,3,Windward,2,51.6
12/13/2017,OB,3,Windward,3,31.9
12/13/2017,OB,3,Windward,3,46.4
12/13/2017,OB,3,Windward,3,11.9
12/13/2017,OB,3,Windward,3,46.4
12/13/2017,OB,3,Windward,3,16.1
12/13/2017,OB,3,Windward,3,36.7
12/13/2017,OB,3,Windward,3,27.8
12/13/2017,OB,3,Windward,3,32.9
12/13/2017,OB,3,Leeward,1,58.4
12/13/2017,OB,3,Leeward,1,26.2
12/13/2017,OB,3,Leeward,1,68.8
12/13/2017,OB,3,Leeward,1,71.1
12/13/2017,OB,3,Leeward,1,50.4
12/13/2017,OB,3,Leeward,2,50.5
12/13/2017,OB,3,Leeward,2,44.5
12/13/2017,OB,3,Leeward,2,70.7
12/13/2017,OB,3,Leeward,3,71.8
12/13/2017,OB,3,Leeward,3,70.2
12/13/2017,OB,3,Leeward,3,58.5
12/13/2017,OB,3,Leeward,3,82.1
12/13/2017,OB,3,Leeward,3,73.9
12/13/2017,RBL,1,Windward,1,35.5
12/13/2017,RBL,1,Windward,2,70.6
12/13/2017,RBL,1,Windward,2,52.4
12/13/2017,RBL,1,Windward,3,65.3
12/13/2017,RBL,1,Windward,3,67.1
12/13/2017,RBL,1,Windward,3,36.8
12/13/2017,RBL,1,Leeward,1,20
12/13/2017,RBL,1,Leeward,1,20
12/13/2017,RBL,1,Leeward,1,20
12/13/2017,RBL,1,Leeward,1,73.6
12/13/2017,RBL,1,Leeward,1,50.3
12/13/2017,RBL,1,Leeward,2,38.7
12/13/2017,RBL,1,Leeward,2,60.7
12/13/2017,RBL,1,Leeward,2,20
12/13/2017,RBL,1,Leeward,2,20
12/13/2017,RBL,1,Leeward,3,20
12/13/2017,RBL,1,Leeward,3,63.4
12/13/2017,RBL,1,Leeward,3,70.9
12/13/2017,RBL,1,Leeward,3,77.1
12/13/2017,RBL,1,Leeward,3,60.5
12/13/2017,RBL,2,Windward,1,41.1
12/13/2017,RBL,2,Windward,1,41.9
12/13/2017,RBL,2,Windward,2,57.4
12/13/2017,RBL,2,Windward,3,75.4
12/13/2017,RBL,2,Windward,3,70.4
12/13/2017,RBL,2,Leeward,1,52.8
12/13/2017,RBL,2,Leeward,1,51.6
12/13/2017,RBL,2,Leeward,1,44.7
12/13/2017,RBL,2,Leeward,1,63.5
12/13/2017,RBL,2,Leeward,2,61.9
12/13/2017,RBL,2,Leeward,2,60
12/13/2017,RBL,2,Leeward,3,48.2
12/13/2017,RBL,2,Leeward,3,51.3
12/13/2017,RBL,2,Leeward,3,38
12/13/2017,RBL,2,Leeward,3,38
12/13/2017,RFB2,3,Windward,1,33.6
12/13/2017,RFB2,3,Windward,1,32.5
12/13/2017,RFB2,3,Windward,1,38.8
12/13/2017,RFB2,3,Windward,1,39
12/13/2017,RFB2,3,Windward,1,42.2
12/13/2017,RFB2,3,Windward,1,44.2
12/13/2017,RFB2,3,Windward,2,40.9
12/13/2017,RFB2,3,Windward,2,35.7
12/13/2017,RFB2,3,Windward,2,80.5
12/13/2017,RFB2,3,Windward,2,75.6
12/13/2017,RFB2,3,Windward,2,40.6
12/13/2017,RFB2,3,Windward,2,67.3
12/13/2017,RFB2,3,Windward,2,73.5
12/13/2017,RFB2,3,Windward,3,68.8
12/13/2017,RFB2,3,Windward,3,21.1
12/13/2017,RFB2,3,Windward,3,77.7
12/13/2017,RFB2,3,Leeward,1,60.7
12/13/2017,RFB2,3,Leeward,1,35.5
12/13/2017,RFB2,3,Leeward,1,21.4
12/13/2017,RFB2,3,Leeward,1,54.7
12/13/2017,RFB2,3,Leeward,1,52.6
12/13/2017,RFB2,3,Leeward,1,33.9
12/13/2017,RFB2,3,Leeward,2,85
12/13/2017,RFB2,3,Leeward,2,81.9
12/13/2017,RFB2,3,Leeward,2,80.9
12/13/2017,RFB2,3,Leeward,3,40.6
12/13/2017,RFB2,3,Leeward,3,42.7
12/13/2017,RFB2,3,Leeward,3,88.3
12/13/2017,RFB2,3,Leeward,3,52.2
12/13/2017,RFB2,3,Leeward,3,76.1
12/13/2017,RFB2,3,Leeward,3,31.5
12/18/2018,WAD,1,Windward,1,74.7
12/18/2018,WAD,1,Windward,1,54.3
12/18/2018,WAD,1,Windward,1,53.4
12/18/2018,WAD,1,Windward,1,40
12/18/2018,WAD,1,Windward,1,47.1
12/18/2018,WAD,1,Windward,1,89.6
12/18/2018,WAD,1,Windward,1,84.7
12/18/2018,WAD,1,Windward,1,67.8
12/18/2018,WAD,1,Windward,1,85.3
12/18/2018,WAD,1,Windward,1,68.8
12/18/2018,WAD,1,Windward,1,56.2
12/18/2018,WAD,1,Windward,1,52
12/18/2018,WAD,1,Windward,1,71.3
12/18/2018,WAD,1,Windward,1,60
12/18/2018,WAD,1,Windward,1,60
12/18/2018,WAD,1,Windward,1,60
12/18/2018,WAD,1,Windward,1,60
12/18/2018,WAD,1,Windward,1,60
12/18/2018,WAD,1,Windward,2,76.8
12/18/2018,WAD,1,Windward,2,75.1
12/18/2018,WAD,1,Windward,2,64.8
12/18/2018,WAD,1,Windward,2,47.1
12/18/2018,WAD,1,Windward,2,61.6
12/18/2018,WAD,1,Windward,2,68.1
12/18/2018,WAD,1,Windward,2,66
12/18/2018,WAD,1,Windward,2,87.6
12/18/2018,WAD,1,Windward,2,66.1
12/18/2018,WAD,1,Windward,2,49.9
12/18/2018,WAD,1,Windward,3,67.8
12/18/2018,WAD,1,Windward,3,45.2
12/18/2018,WAD,1,Windward,3,81.6
12/18/2018,WAD,1,Windward,3,83.5
12/18/2018,WAD,1,Windward,3,28.8
12/18/2018,WAD,1,Windward,3,52.3
12/18/2018,WAD,1,Windward,3,79.2
12/18/2018,WAD,1,Windward,3,88.9
12/18/2018,WAD,1,Windward,3,85.9
12/18/2018,WAD,1,Windward,3,65.7
12/18/2018,WAD,1,Windward,3,84.2
12/18/2018,WAD,1,Windward,3,75
12/18/2018,WAD,1,Leeward,1,75.2
12/18/2018,WAD,1,Leeward,1,49.2
12/18/2018,WAD,1,Leeward,1,65.6
12/18/2018,WAD,1,Leeward,1,47.3
12/18/2018,WAD,1,Leeward,1,46.1
12/18/2018,WAD,1,Leeward,1,49.2
12/18/2018,WAD,1,Leeward,1,38.1
12/18/2018,WAD,1,Leeward,1,45.3
12/18/2018,WAD,1,Leeward,1,55.2
12/18/2018,WAD,1,Leeward,2,78.3
12/18/2018,WAD,1,Leeward,2,75.1
12/18/2018,WAD,1,Leeward,2,74
12/18/2018,WAD,1,Leeward,2,45.1
12/18/2018,WAD,1,Leeward,2,80.2
12/18/2018,WAD,1,Leeward,2,65.1
12/18/2018,WAD,1,Leeward,2,54.2
12/18/2018,WAD,1,Leeward,2,53.7
12/18/2018,WAD,1,Leeward,2,71.2
12/18/2018,WAD,1,Leeward,3,78.5
12/18/2018,WAD,1,Leeward,3,75.4
12/18/2018,WAD,1,Leeward,3,87.3
12/18/2018,WAD,1,Leeward,3,50.3
12/18/2018,WAD,1,Leeward,3,82.2
12/18/2018,WAD,1,Leeward,3,79.3
12/18/2018,WAD,1,Leeward,3,80.6
12/18/2018,WAD,1,Leeward,3,49.2
12/18/2018,WAD,2,Windward,1,90
12/18/2018,WAD,2,Windward,1,55.3
12/18/2018,WAD,2,Windward,1,60.2
12/18/2018,WAD,2,Windward,1,65.3
12/18/2018,WAD,2,Windward,1,49.1
12/18/2018,WAD,2,Windward,1,63.1
12/18/2018,WAD,2,Windward,1,75
12/18/2018,WAD,2,Windward,2,70.1
12/18/2018,WAD,2,Windward,2,55.6
12/18/2018,WAD,2,Windward,2,70
12/18/2018,WAD,2,Windward,2,59.7
12/18/2018,WAD,2,Windward,2,66.3
12/18/2018,WAD,2,Windward,2,69.2
12/18/2018,WAD,2,Windward,2,85.6
12/18/2018,WAD,2,Windward,2,65.2
12/18/2018,WAD,2,Windward,2,71.3
12/18/2018,WAD,2,Windward,2,64.7
12/18/2018,WAD,2,Windward,2,51.3
12/18/2018,WAD,2,Windward,2,60.1
12/18/2018,WAD,2,Windward,2,60
12/18/2018,WAD,2,Windward,2,60
12/18/2018,WAD,2,Windward,2,60
12/18/2018,WAD,2,Windward,2,60
12/18/2018,WAD,2,Windward,2,60
12/18/2018,WAD,2,Windward,3,90.9
12/18/2018,WAD,2,Windward,3,47.1
12/18/2018,WAD,2,Windward,3,55.7
12/18/2018,WAD,2,Windward,3,46.5
12/18/2018,WAD,2,Windward,3,47.5
12/18/2018,WAD,2,Windward,3,55.4
12/18/2018,WAD,2,Windward,3,54.4
12/18/2018,WAD,2,Windward,3,100.2
12/18/2018,WAD,2,Windward,3,75.8
12/18/2018,WAD,2,Windward,3,20.1
12/18/2018,WAD,2,Windward,3,25
12/18/2018,WAD,2,Windward,3,25
12/18/2018,WAD,2,Windward,3,25
12/18/2018,WAD,2,Leeward,1,72.2
12/18/2018,WAD,2,Leeward,1,49
12/18/2018,WAD,2,Leeward,1,32.9
12/18/2018,WAD,2,Leeward,1,27.1
12/18/2018,WAD,2,Leeward,1,12.6
12/18/2018,WAD,2,Leeward,1,64.2
12/18/2018,WAD,2,Leeward,1,93.1
12/18/2018,WAD,2,Leeward,1,71.8
12/18/2018,WAD,2,Leeward,1,50.5
12/18/2018,WAD,2,Leeward,1,53.6
12/18/2018,WAD,2,Leeward,1,100.6
12/18/2018,WAD,2,Leeward,1,66.6
12/18/2018,WAD,2,Leeward,1,54.2
12/18/2018,WAD,2,Leeward,1,92.5
12/18/2018,WAD,2,Leeward,1,21.4
12/18/2018,WAD,2,Leeward,1,34.4
12/18/2018,WAD,2,Leeward,2,89.7
12/18/2018,WAD,2,Leeward,2,72
12/18/2018,WAD,2,Leeward,2,101.4
12/18/2018,WAD,2,Leeward,2,73
12/18/2018,WAD,2,Leeward,2,40
12/18/2018,WAD,2,Leeward,2,90.1
12/18/2018,WAD,2,Leeward,2,35
12/18/2018,WAD,2,Leeward,2,42.9
12/18/2018,WAD,2,Leeward,2,38.5
12/18/2018,WAD,2,Leeward,2,60.6
12/18/2018,WAD,2,Leeward,2,81
12/18/2018,WAD,2,Leeward,3,35.5
12/18/2018,WAD,2,Leeward,3,30.5
12/18/2018,WAD,2,Leeward,3,23
12/18/2018,WAD,2,Leeward,3,37.2
12/18/2018,WAD,2,Leeward,3,59.5
12/18/2018,WAD,2,Leeward,3,35.4
12/18/2018,WAD,2,Leeward,3,84.4
12/18/2018,WAD,2,Leeward,3,61.5
12/18/2018,WAD,2,Leeward,3,66.5
12/18/2018,WAD,2,Leeward,3,65.4
12/18/2018,WAD,2,Leeward,3,86
12/18/2018,WAD,2,Leeward,3,83.6
12/18/2018,WAD,2,Leeward,3,81.7
12/18/2018,WAD,2,Leeward,3,63.3
12/18/2018,WAD,3,Windward,1,65.2
12/18/2018,WAD,3,Windward,1,70.2
12/18/2018,WAD,3,Windward,1,66.3
12/18/2018,WAD,3,Windward,1,55.2
12/18/2018,WAD,3,Windward,1,55.1
12/18/2018,WAD,3,Windward,1,76.2
12/18/2018,WAD,3,Windward,1,85.3
12/18/2018,WAD,3,Windward,1,62.1
12/18/2018,WAD,3,Windward,1,43.1
12/18/2018,WAD,3,Windward,1,65.9
12/18/2018,WAD,3,Windward,1,32
12/18/2018,WAD,3,Windward,2,62.2
12/18/2018,WAD,3,Windward,2,72.1
12/18/2018,WAD,3,Windward,2,90.8
12/18/2018,WAD,3,Windward,2,60.6
12/18/2018,WAD,3,Windward,2,65.2
12/18/2018,WAD,3,Windward,3,55.7
12/18/2018,WAD,3,Windward,3,60.1
12/18/2018,WAD,3,Windward,3,60.8
12/18/2018,WAD,3,Windward,3,70.9
12/18/2018,WAD,3,Windward,3,69.7
12/18/2018,WAD,3,Windward,3,55.7
12/18/2018,WAD,3,Windward,3,40.7
12/18/2018,WAD,3,Windward,3,70.1
12/18/2018,WAD,3,Windward,3,90.5
12/18/2018,WAD,3,Windward,3,64.5
12/18/2018,WAD,3,Windward,3,37.6
12/18/2018,WAD,3,Windward,3,61.2
12/18/2018,WAD,3,Windward,3,46.1
12/18/2018,WAD,3,Leeward,1,61
12/18/2018,WAD,3,Leeward,1,40
12/18/2018,WAD,3,Leeward,1,69.2
12/18/2018,WAD,3,Leeward,1,63.4
12/18/2018,WAD,3,Leeward,1,54.9
12/18/2018,WAD,3,Leeward,1,89.6
12/18/2018,WAD,3,Leeward,1,92.4
12/18/2018,WAD,3,Leeward,1,68.9
12/18/2018,WAD,3,Leeward,1,63.6
12/18/2018,WAD,3,Leeward,1,90.7
12/18/2018,WAD,3,Leeward,1,65
12/18/2018,WAD,3,Leeward,1,52.6
12/18/2018,WAD,3,Leeward,1,57.4
12/18/2018,WAD,3,Leeward,1,49.8
12/18/2018,WAD,3,Leeward,2,10.8
12/18/2018,WAD,3,Leeward,2,62.5
12/18/2018,WAD,3,Leeward,2,85.1
12/18/2018,WAD,3,Leeward,2,57
12/18/2018,WAD,3,Leeward,2,96
12/18/2018,WAD,3,Leeward,2,87.3
12/18/2018,WAD,3,Leeward,2,98.9
12/18/2018,WAD,3,Leeward,2,39.2
12/18/2018,WAD,3,Leeward,2,59.4
12/18/2018,WAD,3,Leeward,3,52.8
12/18/2018,WAD,3,Leeward,3,52.8
12/18/2018,WAD,3,Leeward,3,84.2
12/18/2018,WAD,3,Leeward,3,81.8
12/18/2018,WAD,3,Leeward,3,91.2
12/18/2018,WAD,3,Leeward,3,46.7
12/18/2018,WAD,3,Leeward,3,63.5
12/18/2018,WAD,3,Leeward,3,85.5
12/18/2018,OB,1,Windward,1,69.1
12/18/2018,OB,1,Windward,1,68.8
12/18/2018,OB,1,Windward,1,63.4
12/18/2018,OB,1,Windward,1,75.4
12/18/2018,OB,1,Windward,1,75
12/18/2018,OB,1,Windward,1,55.1
12/18/2018,OB,1,Windward,1,68.6
12/18/2018,OB,1,Windward,1,59.3
12/18/2018,OB,1,Windward,1,44.1
12/18/2018,OB,1,Windward,1,38.3
12/18/2018,OB,1,Windward,2,81
12/18/2018,OB,1,Windward,2,65.4
12/18/2018,OB,1,Windward,2,82.1
12/18/2018,OB,1,Windward,2,70.6
12/18/2018,OB,1,Windward,2,59.2
12/18/2018,OB,1,Windward,2,52.9
12/18/2018,OB,1,Windward,2,40.6
12/18/2018,OB,1,Windward,3,62.2
12/18/2018,OB,1,Windward,3,65.4
12/18/2018,OB,1,Windward,3,55.3
12/18/2018,OB,1,Windward,3,70.9
12/18/2018,OB,1,Windward,3,45.1
12/18/2018,OB,1,Windward,3,50.6
12/18/2018,OB,1,Windward,3,60.5
12/18/2018,OB,1,Windward,3,70.4
12/18/2018,OB,1,Windward,3,45.6
12/18/2018,OB,1,Leeward,1,63.1
12/18/2018,OB,1,Leeward,1,75.4
12/18/2018,OB,1,Leeward,1,60.6
12/18/2018,OB,1,Leeward,1,72.8
12/18/2018,OB,1,Leeward,1,61.8
12/18/2018,OB,1,Leeward,1,74.8
12/18/2018,OB,1,Leeward,1,64.9
12/18/2018,OB,1,Leeward,1,66.4
12/18/2018,OB,1,Leeward,1,57.9
12/18/2018,OB,1,Leeward,2,56.6
12/18/2018,OB,1,Leeward,2,73
12/18/2018,OB,1,Leeward,2,63.8
12/18/2018,OB,1,Leeward,2,85
12/18/2018,OB,1,Leeward,2,57.6
12/18/2018,OB,1,Leeward,2,68.7
12/18/2018,OB,1,Leeward,2,39.8
12/18/2018,OB,1,Leeward,2,51.5
12/18/2018,OB,1,Leeward,2,43.6
12/18/2018,OB,1,Leeward,2,47.8
12/18/2018,OB,1,Leeward,3,52.9
12/18/2018,OB,1,Leeward,3,56.2
12/18/2018,OB,1,Leeward,3,56.1
12/18/2018,OB,1,Leeward,3,50.9
12/18/2018,OB,2,Windward,1,75.1
12/18/2018,OB,2,Windward,1,45.1
12/18/2018,OB,2,Windward,1,47.6
12/18/2018,OB,2,Windward,1,46.3
12/18/2018,OB,2,Windward,1,62.8
12/18/2018,OB,2,Windward,1,50.3
12/18/2018,OB,2,Windward,1,47.1
12/18/2018,OB,2,Windward,1,95.3
12/18/2018,OB,2,Windward,2,48.6
12/18/2018,OB,2,Windward,3,45
12/18/2018,OB,2,Windward,3,54.7
12/18/2018,OB,2,Windward,3,45
12/18/2018,OB,2,Windward,3,30.2
12/18/2018,OB,2,Windward,3,16
12/18/2018,OB,2,Leeward,1,60.3
12/18/2018,OB,2,Leeward,1,56.4
12/18/2018,OB,2,Leeward,1,55.9
12/18/2018,OB,2,Leeward,1,55.5
12/18/2018,OB,2,Leeward,1,53.5
12/18/2018,OB,2,Leeward,1,48.9
12/18/2018,OB,2,Leeward,1,32.9
12/18/2018,OB,2,Leeward,1,28.4
12/18/2018,OB,2,Leeward,1,45.6
12/18/2018,OB,2,Leeward,1,63.5
12/18/2018,OB,2,Leeward,1,50.7
12/18/2018,OB,2,Leeward,1,37.1
12/18/2018,OB,2,Leeward,2,30.4
12/18/2018,OB,2,Leeward,2,28.2
12/18/2018,OB,2,Leeward,2,35.6
12/18/2018,OB,2,Leeward,2,30.1
12/18/2018,OB,2,Leeward,2,29.1
12/18/2018,OB,2,Leeward,2,32.9
12/18/2018,OB,2,Leeward,3,53.6
12/18/2018,OB,2,Leeward,3,52.4
12/18/2018,OB,2,Leeward,3,43.9
12/18/2018,OB,2,Leeward,3,60.5
12/18/2018,OB,2,Leeward,3,53.8
12/18/2018,OB,2,Leeward,3,35.7
12/18/2018,OB,2,Leeward,3,85.2
12/18/2018,OB,2,Leeward,3,30.8
12/18/2018,OB,2,Leeward,3,50.1
12/18/2018,OB,2,Leeward,3,55.2
12/18/2018,OB,3,Windward,1,75
12/18/2018,OB,3,Windward,1,70.5
12/18/2018,OB,3,Windward,1,45.1
12/18/2018,OB,3,Windward,1,27.4
12/18/2018,OB,3,Windward,1,50
12/18/2018,OB,3,Windward,1,34.3
12/18/2018,OB,3,Windward,1,25.1
12/18/2018,OB,3,Windward,1,32.8
12/18/2018,OB,3,Windward,1,12.7
12/18/2018,OB,3,Windward,2,57.6
12/18/2018,OB,3,Windward,2,54
12/18/2018,OB,3,Windward,2,85.4
12/18/2018,OB,3,Windward,2,55.9
12/18/2018,OB,3,Windward,2,26.3
12/18/2018,OB,3,Windward,2,54.8
12/18/2018,OB,3,Windward,2,55.2
12/18/2018,OB,3,Windward,2,27.1
12/18/2018,OB,3,Windward,2,25.9
12/18/2018,OB,3,Windward,3,57.2
12/18/2018,OB,3,Windward,3,51.8
12/18/2018,OB,3,Windward,3,33.9
12/18/2018,OB,3,Windward,3,78.1
12/18/2018,OB,3,Windward,3,69.2
12/18/2018,OB,3,Windward,3,58.8
12/18/2018,OB,3,Windward,3,71.9
12/18/2018,OB,3,Windward,3,55.2
12/18/2018,OB,3,Windward,3,45.3
12/18/2018,OB,3,Windward,3,40.4
12/18/2018,OB,3,Windward,3,27.3
12/18/2018,OB,3,Windward,3,50.6
12/18/2018,OB,3,Windward,3,25.9
12/18/2018,OB,3,Leeward,1,23.6
12/18/2018,OB,3,Leeward,1,18.7
12/18/2018,OB,3,Leeward,1,17.3
12/18/2018,OB,3,Leeward,1,19.6
12/18/2018,OB,3,Leeward,1,64.3
12/18/2018,OB,3,Leeward,1,56.6
12/18/2018,OB,3,Leeward,1,61.6
12/18/2018,OB,3,Leeward,1,30.3
12/18/2018,OB,3,Leeward,1,69.1
12/18/2018,OB,3,Leeward,1,50
12/18/2018,OB,3,Leeward,1,41.2
12/18/2018,OB,3,Leeward,2,81.2
12/18/2018,OB,3,Leeward,2,68.1
12/18/2018,OB,3,Leeward,2,45.2
12/18/2018,OB,3,Leeward,2,57
12/18/2018,OB,3,Leeward,2,56.6
12/18/2018,OB,3,Leeward,2,31.7
12/18/2018,OB,3,Leeward,2,53.3
12/18/2018,OB,3,Leeward,2,24.4
12/18/2018,OB,3,Leeward,2,68.9
12/18/2018,OB,3,Leeward,2,35.3
12/18/2018,OB,3,Leeward,2,62.3
12/18/2018,OB,3,Leeward,2,51.4
12/18/2018,OB,3,Leeward,2,28.6
12/18/2018,OB,3,Leeward,3,83.7
12/18/2018,OB,3,Leeward,3,53.3
12/18/2018,OB,3,Leeward,3,81.3
12/18/2018,OB,3,Leeward,3,63.1
12/18/2018,OB,3,Leeward,3,75.8
12/18/2018,OB,3,Leeward,3,62.5
12/18/2018,OB,3,Leeward,3,51.8
12/18/2018,OB,3,Leeward,3,57.4
12/18/2018,OB,3,Leeward,3,27.9
12/18/2018,OB,3,Leeward,3,33.1
12/18/2018,OB,3,Leeward,3,26.9
12/18/2018,OB,3,Leeward,3,21.4
12/18/2018,OB,3,Leeward,3,17.1
12/18/2018,OB,3,Leeward,3,25.2
12/18/2018,RFB2,1,Windward,1,37.7
12/18/2018,RFB2,1,Windward,1,78.3
12/18/2018,RFB2,1,Windward,1,64.8
12/18/2018,RFB2,1,Windward,1,32.5
12/18/2018,RFB2,1,Windward,1,55.4
12/18/2018,RFB2,1,Windward,1,62.7
12/18/2018,RFB2,1,Windward,1,60.6
12/18/2018,RFB2,1,Windward,2,50.6
12/18/2018,RFB2,1,Windward,2,40.5
12/18/2018,RFB2,1,Windward,2,62.8
12/18/2018,RFB2,1,Windward,2,31.5
12/18/2018,RFB2,1,Windward,3,65.5
12/18/2018,RFB2,1,Windward,3,64.6
12/18/2018,RFB2,1,Windward,3,79.9
12/18/2018,RFB2,1,Windward,3,64.9
12/18/2018,RFB2,1,Windward,3,43.8
12/18/2018,RFB2,1,Windward,3,49.8
12/18/2018,RFB2,1,Windward,3,60.9
12/18/2018,RFB2,1,Leeward,1,94.7
12/18/2018,RFB2,1,Leeward,1,65
12/18/2018,RFB2,1,Leeward,1,68.1
12/18/2018,RFB2,1,Leeward,1,58.7
12/18/2018,RFB2,1,Leeward,1,94.2
12/18/2018,RFB2,1,Leeward,1,77.8
12/18/2018,RFB2,1,Leeward,1,66.7
12/18/2018,RFB2,1,Leeward,1,58.5
12/18/2018,RFB2,1,Leeward,1,33.7
12/18/2018,RFB2,1,Leeward,1,75.6
12/18/2018,RFB2,1,Leeward,1,63.2
12/18/2018,RFB2,1,Leeward,1,88.8
12/18/2018,RFB2,1,Leeward,2,35.2
12/18/2018,RFB2,1,Leeward,2,31.6
12/18/2018,RFB2,1,Leeward,2,31.5
12/18/2018,RFB2,1,Leeward,2,27.4
12/18/2018,RFB2,1,Leeward,2,30.6
12/18/2018,RFB2,1,Leeward,2,22.3
12/18/2018,RFB2,1,Leeward,2,30.5
12/18/2018,RFB2,1,Leeward,2,45.2
12/18/2018,RFB2,1,Leeward,2,30.4
12/18/2018,RFB2,1,Leeward,3,14.9
12/18/2018,RFB2,1,Leeward,3,33
12/18/2018,RFB2,1,Leeward,3,36.5
12/18/2018,RFB2,1,Leeward,3,20
12/18/2018,RFB2,1,Leeward,3,79
12/18/2018,RFB2,1,Leeward,3,60
12/18/2018,RFB2,1,Leeward,3,39.9
12/18/2018,RFB2,1,Leeward,3,75.5
12/18/2018,RFB2,1,Leeward,3,41
12/18/2018,RFB2,1,Leeward,3,23.5
12/18/2018,RFB2,1,Leeward,3,34
12/18/2018,RFB2,1,Leeward,3,75.5
12/18/2018,RFB2,1,Leeward,3,67.2
12/18/2018,RFB2,1,Leeward,3,75.9
12/18/2018,RFB2,2,Windward,1,55.8
12/18/2018,RFB2,2,Windward,1,72.2
12/18/2018,RFB2,2,Windward,1,55.9
12/18/2018,RFB2,2,Windward,1,51.8
12/18/2018,RFB2,2,Windward,1,73.6
12/18/2018,RFB2,2,Windward,1,63.7
12/18/2018,RFB2,2,Windward,1,62.5
12/18/2018,RFB2,2,Windward,1,61.5
12/18/2018,RFB2,2,Windward,1,36.5
12/18/2018,RFB2,2,Windward,2,91.8
12/18/2018,RFB2,2,Windward,2,82.6
12/18/2018,RFB2,2,Windward,2,63.6
12/18/2018,RFB2,2,Windward,2,52.7
12/18/2018,RFB2,2,Windward,2,96.8
12/18/2018,RFB2,2,Windward,2,54.8
12/18/2018,RFB2,2,Windward,2,96.7
12/18/2018,RFB2,2,Windward,3,89.9
12/18/2018,RFB2,2,Windward,3,50.1
12/18/2018,RFB2,2,Windward,3,90.5
12/18/2018,RFB2,2,Windward,3,29.9
12/18/2018,RFB2,2,Windward,3,47.7
12/18/2018,RFB2,2,Windward,3,82.2
12/18/2018,RFB2,2,Windward,3,44.2
12/18/2018,RFB2,2,Windward,3,51.5
12/18/2018,RFB2,2,Windward,3,35.9
12/18/2018,RFB2,2,Windward,3,70.2
12/18/2018,RFB2,2,Leeward,1,63.7
12/18/2018,RFB2,2,Leeward,1,85.6
12/18/2018,RFB2,2,Leeward,1,53
12/18/2018,RFB2,2,Leeward,1,35.3
12/18/2018,RFB2,2,Leeward,1,32.9
12/18/2018,RFB2,2,Leeward,1,94.4
12/18/2018,RFB2,2,Leeward,1,81.8
12/18/2018,RFB2,2,Leeward,1,70
12/18/2018,RFB2,2,Leeward,1,19.7
12/18/2018,RFB2,2,Leeward,1,32
12/18/2018,RFB2,2,Leeward,1,75
12/18/2018,RFB2,2,Leeward,1,75
12/18/2018,RFB2,2,Leeward,1,75
12/18/2018,RFB2,2,Leeward,2,68.2
12/18/2018,RFB2,2,Leeward,2,58.2
12/18/2018,RFB2,2,Leeward,2,55.1
12/18/2018,RFB2,2,Leeward,2,69.6
12/18/2018,RFB2,2,Leeward,2,69
12/18/2018,RFB2,2,Leeward,2,65.8
12/18/2018,RFB2,2,Leeward,2,65.8
12/18/2018,RFB2,2,Leeward,2,108.2
12/18/2018,RFB2,2,Leeward,2,22
12/18/2018,RFB2,2,Leeward,2,23.1
12/18/2018,RFB2,2,Leeward,2,76.1
12/18/2018,RFB2,2,Leeward,2,70
12/18/2018,RFB2,2,Leeward,2,70
12/18/2018,RFB2,2,Leeward,2,70
12/18/2018,RFB2,2,Leeward,2,70
12/18/2018,RFB2,2,Leeward,2,70
12/18/2018,RFB2,2,Leeward,3,58
12/18/2018,RFB2,2,Leeward,3,74.8
12/18/2018,RFB2,2,Leeward,3,88.7
12/18/2018,RFB2,2,Leeward,3,67.5
12/18/2018,RFB2,2,Leeward,3,48.5
12/18/2018,RFB2,2,Leeward,3,54
12/18/2018,RFB2,2,Leeward,3,74.7
12/18/2018,RFB2,2,Leeward,3,80.3
12/18/2018,RFB2,2,Leeward,3,39.5
12/18/2018,RFB2,2,Leeward,3,33
12/18/2018,RFB2,2,Leeward,3,86
12/18/2018,RFB2,2,Leeward,3,50.2
12/18/2018,RFB2,2,Leeward,3,65
12/18/2018,RFB2,2,Leeward,3,65
12/18/2018,RFB2,3,Windward,1,45
12/18/2018,RFB2,3,Windward,1,87.2
12/18/2018,RFB2,3,Windward,1,78.2
12/18/2018,RFB2,3,Windward,2,61.1
12/18/2018,RFB2,3,Windward,2,64
12/18/2018,RFB2,3,Windward,2,72.8
12/18/2018,RFB2,3,Windward,2,54.3
12/18/2018,RFB2,3,Windward,2,66.7
12/18/2018,RFB2,3,Windward,2,57.8
12/18/2018,RFB2,3,Windward,2,60.3
12/18/2018,RFB2,3,Windward,2,75.9
12/18/2018,RFB2,3,Windward,2,94.2
12/18/2018,RFB2,3,Windward,2,65.3
12/18/2018,RFB2,3,Windward,2,51.6
12/18/2018,RFB2,3,Windward,2,39.6
12/18/2018,RFB2,3,Windward,2,67.8
12/18/2018,RFB2,3,Windward,2,60.5
12/18/2018,RFB2,3,Windward,2,28.2
12/18/2018,RFB2,3,Windward,2,39.2
12/18/2018,RFB2,3,Windward,3,63.2
12/18/2018,RFB2,3,Windward,3,92.5
12/18/2018,RFB2,3,Windward,3,31.3
12/18/2018,RFB2,3,Windward,3,66.5
12/18/2018,RFB2,3,Windward,3,51.2
12/18/2018,RFB2,3,Windward,3,56
12/18/2018,RFB2,3,Windward,3,38.7
12/18/2018,RFB2,3,Windward,3,47.1
12/18/2018,RFB2,3,Windward,3,63
12/18/2018,RFB2,3,Windward,3,59.5
12/18/2018,RFB2,3,Windward,3,50
12/18/2018,RFB2,3,Windward,3,50
12/18/2018,RFB2,3,Windward,3,50
12/18/2018,RFB2,3,Windward,3,50
12/18/2018,RFB2,3,Windward,3,50
12/18/2018,RFB2,3,Leeward,1,90.3
12/18/2018,RFB2,3,Leeward,1,75.6
12/18/2018,RFB2,3,Leeward,1,56.4
12/18/2018,RFB2,3,Leeward,1,74.9
12/18/2018,RFB2,3,Leeward,1,72.2
12/18/2018,RFB2,3,Leeward,1,55.8
12/18/2018,RFB2,3,Leeward,1,55.9
12/18/2018,RFB2,3,Leeward,1,54.7
12/18/2018,RFB2,3,Leeward,1,40
12/18/2018,RFB2,3,Leeward,1,40
12/18/2018,RFB2,3,Leeward,1,40
12/18/2018,RFB2,3,Leeward,1,40
12/18/2018,RFB2,3,Leeward,2,64.5
12/18/2018,RFB2,3,Leeward,2,91.4
12/18/2018,RFB2,3,Leeward,2,59.5
12/18/2018,RFB2,3,Leeward,2,32.5
12/18/2018,RFB2,3,Leeward,2,47.1
12/18/2018,RFB2,3,Leeward,2,41.8
12/18/2018,RFB2,3,Leeward,2,73.3
12/18/2018,RFB2,3,Leeward,2,25.1
12/18/2018,RFB2,3,Leeward,2,73.4
12/18/2018,RFB2,3,Leeward,3,82.8
12/18/2018,RFB2,3,Leeward,3,59.8
12/18/2018,RFB2,3,Leeward,3,46.4
12/18/2018,RFB2,3,Leeward,3,67.2
12/18/2018,RFB2,3,Leeward,3,52.8
12/18/2018,RFB2,3,Leeward,3,70.4
12/18/2018,RFB2,3,Leeward,3,52.3
12/18/2018,RFB2,3,Leeward,3,32.1
12/18/2018,RFB2,3,Leeward,3,44.9
12/18/2018,RFB2,3,Leeward,3,89.6
12/18/2018,RFB3,1,Windward,1,59.7
12/18/2018,RFB3,1,Windward,1,59.5
12/18/2018,RFB3,1,Windward,1,60.3
12/18/2018,RFB3,1,Windward,1,76.5
12/18/2018,RFB3,1,Windward,1,70
12/18/2018,RFB3,1,Windward,1,73.7
12/18/2018,RFB3,1,Windward,1,55.2
12/18/2018,RFB3,1,Windward,1,64.4
12/18/2018,RFB3,1,Windward,1,55.1
12/18/2018,RFB3,1,Windward,1,50
12/18/2018,RFB3,1,Windward,1,50
12/18/2018,RFB3,1,Windward,2,74.3
12/18/2018,RFB3,1,Windward,2,50.8
12/18/2018,RFB3,1,Windward,2,80.9
12/18/2018,RFB3,1,Windward,2,71.3
12/18/2018,RFB3,1,Windward,2,51.6
12/18/2018,RFB3,1,Windward,2,54.8
12/18/2018,RFB3,1,Windward,2,39.1
12/18/2018,RFB3,1,Windward,2,37.4
12/18/2018,RFB3,1,Windward,3,65.1
12/18/2018,RFB3,1,Windward,3,83.3
12/18/2018,RFB3,1,Windward,3,48.5
12/18/2018,RFB3,1,Windward,3,57.4
12/18/2018,RFB3,1,Windward,3,51.6
12/18/2018,RFB3,1,Leeward,1,73.3
12/18/2018,RFB3,1,Leeward,1,62.8
12/18/2018,RFB3,1,Leeward,1,46.5
12/18/2018,RFB3,1,Leeward,1,45.5
12/18/2018,RFB3,1,Leeward,1,63.5
12/18/2018,RFB3,1,Leeward,1,80.2
12/18/2018,RFB3,1,Leeward,1,51.1
12/18/2018,RFB3,1,Leeward,1,65.6
12/18/2018,RFB3,1,Leeward,1,55.4
12/18/2018,RFB3,1,Leeward,1,60.8
12/18/2018,RFB3,1,Leeward,1,71.2
12/18/2018,RFB3,1,Leeward,1,65.3
12/18/2018,RFB3,1,Leeward,1,33.1
12/18/2018,RFB3,1,Leeward,2,70.4
12/18/2018,RFB3,1,Leeward,2,50.6
12/18/2018,RFB3,1,Leeward,2,44.5
12/18/2018,RFB3,1,Leeward,2,90.3
12/18/2018,RFB3,1,Leeward,2,75.7
12/18/2018,RFB3,1,Leeward,2,30.8
12/18/2018,RFB3,1,Leeward,2,29.8
12/18/2018,RFB3,1,Leeward,2,61.1
12/18/2018,RFB3,1,Leeward,2,27.5
12/18/2018,RFB3,1,Leeward,2,28.1
12/18/2018,RFB3,1,Leeward,2,46.2
12/18/2018,RFB3,1,Leeward,2,27.3
12/18/2018,RFB3,1,Leeward,2,45.9
12/18/2018,RFB3,1,Leeward,2,51.2
12/18/2018,RFB3,1,Leeward,2,81.5
12/18/2018,RFB3,1,Leeward,3,89.4
12/18/2018,RFB3,1,Leeward,3,63.7
12/18/2018,RFB3,1,Leeward,3,55.3
12/18/2018,RFB3,1,Leeward,3,60.4
12/18/2018,RFB3,1,Leeward,3,35.2
12/18/2018,RFB3,1,Leeward,3,27.8
12/18/2018,RFB3,1,Leeward,3,40.9
12/18/2018,RFB3,1,Leeward,3,70.2
12/18/2018,RFB3,1,Leeward,3,38.6
12/18/2018,RFB3,1,Leeward,3,25.6
12/18/2018,RFB3,1,Leeward,3,40.1
12/18/2018,RFB3,1,Leeward,3,50.6
12/18/2018,RFB3,1,Leeward,3,15.5
12/18/2018,RFB3,2,Windward,1,69.2
12/18/2018,RFB3,2,Windward,1,75.3
12/18/2018,RFB3,2,Windward,1,53.3
12/18/2018,RFB3,2,Windward,1,62.5
12/18/2018,RFB3,2,Windward,1,71.9
12/18/2018,RFB3,2,Windward,1,78
12/18/2018,RFB3,2,Windward,1,60.6
12/18/2018,RFB3,2,Windward,1,50.1
12/18/2018,RFB3,2,Windward,1,94.9
12/18/2018,RFB3,2,Windward,2,81.5
12/18/2018,RFB3,2,Windward,2,84.1
12/18/2018,RFB3,2,Windward,2,76.1
12/18/2018,RFB3,2,Windward,2,64.5
12/18/2018,RFB3,2,Windward,2,85
12/18/2018,RFB3,2,Windward,2,83.1
12/18/2018,RFB3,2,Windward,2,68.3
12/18/2018,RFB3,2,Windward,2,20.1
12/18/2018,RFB3,2,Windward,3,66.3
12/18/2018,RFB3,2,Windward,3,90
12/18/2018,RFB3,2,Windward,3,59.4
12/18/2018,RFB3,2,Windward,3,66.1
12/18/2018,RFB3,2,Windward,3,45.3
12/18/2018,RFB3,2,Windward,3,76.9
12/18/2018,RFB3,2,Windward,3,72.5
12/18/2018,RFB3,2,Windward,3,77.6
12/18/2018,RFB3,2,Windward,3,74.1
12/18/2018,RFB3,2,Windward,3,62.1
12/18/2018,RFB3,2,Windward,3,74.5
12/18/2018,RFB3,2,Windward,3,45.7
12/18/2018,RFB3,2,Windward,3,66.1
12/18/2018,RFB3,2,Windward,3,49.8
12/18/2018,RFB3,2,Windward,3,48.4
12/18/2018,RFB3,2,Leeward,1,44.3
12/18/2018,RFB3,2,Leeward,1,55.1
12/18/2018,RFB3,2,Leeward,1,65.9
12/18/2018,RFB3,2,Leeward,1,80.1
12/18/2018,RFB3,2,Leeward,1,75.8
12/18/2018,RFB3,2,Leeward,1,49.6
12/18/2018,RFB3,2,Leeward,2,55
12/18/2018,RFB3,2,Leeward,2,38
12/18/2018,RFB3,2,Leeward,2,82
12/18/2018,RFB3,2,Leeward,2,91.5
12/18/2018,RFB3,2,Leeward,2,60.5
12/18/2018,RFB3,2,Leeward,2,39.5
12/18/2018,RFB3,2,Leeward,2,28.6
12/18/2018,RFB3,2,Leeward,2,23.5
12/18/2018,RFB3,2,Leeward,2,40.6
12/18/2018,RFB3,2,Leeward,3,71.8
12/18/2018,RFB3,2,Leeward,3,30.2
12/18/2018,RFB3,2,Leeward,3,37.5
12/18/2018,RFB3,2,Leeward,3,55.3
12/18/2018,RFB3,3,Windward,1,98.7
12/18/2018,RFB3,3,Windward,1,55.8
12/18/2018,RFB3,3,Windward,1,57.3
12/18/2018,RFB3,3,Windward,1,63.2
12/18/2018,RFB3,3,Windward,1,59.5
12/18/2018,RFB3,3,Windward,1,32.9
12/18/2018,RFB3,3,Windward,2,46.4
12/18/2018,RFB3,3,Windward,2,76.1
12/18/2018,RFB3,3,Windward,2,72.3
12/18/2018,RFB3,3,Windward,2,71.7
12/18/2018,RFB3,3,Windward,3,70.1
12/18/2018,RFB3,3,Windward,3,69.1
12/18/2018,RFB3,3,Windward,3,45.2
12/18/2018,RFB3,3,Windward,3,65.1
12/18/2018,RFB3,3,Windward,3,44.2
12/18/2018,RFB3,3,Windward,3,55.2
12/18/2018,RFB3,3,Windward,3,30.1
12/18/2018,RFB3,3,Windward,3,48.5
12/18/2018,RFB3,3,Leeward,1,85.4
12/18/2018,RFB3,3,Leeward,1,55.3
12/18/2018,RFB3,3,Leeward,1,90.5
12/18/2018,RFB3,3,Leeward,1,80.2
12/18/2018,RFB3,3,Leeward,1,51.9
12/18/2018,RFB3,3,Leeward,1,75.1
12/18/2018,RFB3,3,Leeward,1,35.4
12/18/2018,RFB3,3,Leeward,2,63.5
12/18/2018,RFB3,3,Leeward,2,40.8
12/18/2018,RFB3,3,Leeward,2,69.1
12/18/2018,RFB3,3,Leeward,2,75.3
12/18/2018,RFB3,3,Leeward,2,62.1
12/18/2018,RFB3,3,Leeward,2,47.6
12/18/2018,RFB3,3,Leeward,2,90.2
12/18/2018,RFB3,3,Leeward,2,70.1
12/18/2018,RFB3,3,Leeward,2,54.9
12/18/2018,RFB3,3,Leeward,2,47.8
12/18/2018,RFB3,3,Leeward,2,46.8
12/18/2018,RFB3,3,Leeward,2,25.8
12/18/2018,RFB3,3,Leeward,2,40.4
12/18/2018,RFB3,3,Leeward,2,55.4
12/18/2018,RFB3,3,Leeward,3,72.5
12/18/2018,RFB3,3,Leeward,3,73.5
12/18/2018,RFB3,3,Leeward,3,71.6
12/18/2018,RFB3,3,Leeward,3,31.4
12/18/2018,RBL,1,Windward,1,76
12/18/2018,RBL,1,Windward,1,76
12/18/2018,RBL,1,Windward,1,55.1
12/18/2018,RBL,1,Windward,1,45.1
12/18/2018,RBL,1,Windward,1,61.9
12/18/2018,RBL,1,Windward,1,61
12/18/2018,RBL,1,Windward,1,36.3
12/18/2018,RBL,1,Windward,1,22.8
12/18/2018,RBL,1,Windward,1,69.8
12/18/2018,RBL,1,Windward,2,67.3
12/18/2018,RBL,1,Windward,2,46.9
12/18/2018,RBL,1,Windward,2,66.4
12/18/2018,RBL,1,Windward,2,63.2
12/18/2018,RBL,1,Windward,2,65.1
12/18/2018,RBL,1,Windward,2,51.8
12/18/2018,RBL,1,Windward,3,30
12/18/2018,RBL,1,Windward,3,71
12/18/2018,RBL,1,Windward,3,25.2
12/18/2018,RBL,1,Leeward,1,57.6
12/18/2018,RBL,1,Leeward,1,80.4
12/18/2018,RBL,1,Leeward,1,52.4
12/18/2018,RBL,1,Leeward,1,52.3
12/18/2018,RBL,1,Leeward,1,38.2
12/18/2018,RBL,1,Leeward,1,3.9
12/18/2018,RBL,1,Leeward,1,62.2
12/18/2018,RBL,1,Leeward,1,70.1
12/18/2018,RBL,1,Leeward,1,60.9
12/18/2018,RBL,1,Leeward,1,45.7
12/18/2018,RBL,1,Leeward,2,65.6
12/18/2018,RBL,1,Leeward,2,20.2
12/18/2018,RBL,1,Leeward,2,41.4
12/18/2018,RBL,1,Leeward,2,40.4
12/18/2018,RBL,1,Leeward,2,65.6
12/18/2018,RBL,1,Leeward,3,55.9
12/18/2018,RBL,1,Leeward,3,45.3
12/18/2018,RBL,1,Leeward,3,52.7
12/18/2018,RBL,1,Leeward,3,50.2
12/18/2018,RBL,1,Leeward,3,50.3
12/18/2018,RBL,1,Leeward,3,44.2
12/18/2018,RBL,1,Leeward,3,45.1
12/18/2018,RBL,1,Leeward,3,50.2
12/18/2018,RBL,1,Leeward,3,41.1
12/18/2018,RBL,1,Leeward,3,26.5
12/18/2018,RBL,2,Windward,1,66.2
12/18/2018,RBL,2,Windward,1,59.4
12/18/2018,RBL,2,Windward,1,65.1
12/18/2018,RBL,2,Windward,1,35.1
12/18/2018,RBL,2,Windward,1,20.1
12/18/2018,RBL,2,Windward,1,35.4
12/18/2018,RBL,2,Windward,1,20.5
12/18/2018,RBL,2,Windward,2,59.2
12/18/2018,RBL,2,Windward,2,60
12/18/2018,RBL,2,Windward,2,50.9
12/18/2018,RBL,2,Windward,2,47
12/18/2018,RBL,2,Windward,2,50.8
12/18/2018,RBL,2,Windward,3,50.3
12/18/2018,RBL,2,Leeward,1,56.8
12/18/2018,RBL,2,Leeward,1,50.3
12/18/2018,RBL,2,Leeward,1,79.6
12/18/2018,RBL,2,Leeward,1,39.6
12/18/2018,RBL,2,Leeward,2,63.1
12/18/2018,RBL,2,Leeward,2,58
12/18/2018,RBL,2,Leeward,2,79.4
12/18/2018,RBL,2,Leeward,2,46.8
12/18/2018,RBL,2,Leeward,3,46.5
12/18/2018,RBL,2,Leeward,3,57.4
12/18/2018,RBL,2,Leeward,3,50
12/18/2018,RBL,2,Leeward,3,59.1
12/18/2018,RBL,2,Leeward,3,46.3
12/18/2018,RBL,2,Leeward,3,72.8
12/18/2018,RBL,3,Windward,1,47.7
12/18/2018,RBL,3,Windward,1,30.3
12/18/2018,RBL,3,Windward,1,56.5
12/18/2018,RBL,3,Windward,1,63.7
12/18/2018,RBL,3,Windward,1,56.3
12/18/2018,RBL,3,Windward,1,42
12/18/2018,RBL,3,Windward,1,37.5
12/18/2018,RBL,3,Windward,1,31.4
12/18/2018,RBL,3,Windward,1,29.7
12/18/2018,RBL,3,Windward,2,61
12/18/2018,RBL,3,Windward,2,46
12/18/2018,RBL,3,Windward,2,55.7
12/18/2018,RBL,3,Windward,2,46.7
12/18/2018,RBL,3,Windward,2,65
12/18/2018,RBL,3,Windward,2,56.3
12/18/2018,RBL,3,Windward,2,84.2
12/18/2018,RBL,3,Windward,2,34.4
12/18/2018,RBL,3,Windward,3,59.1
12/18/2018,RBL,3,Windward,3,39.6
12/18/2018,RBL,3,Windward,3,40.2
12/18/2018,RBL,3,Windward,3,29.8
12/18/2018,RBL,3,Windward,3,62
12/18/2018,RBL,3,Leeward,1,49.3
12/18/2018,RBL,3,Leeward,1,30.7
12/18/2018,RBL,3,Leeward,1,35.3
12/18/2018,RBL,3,Leeward,1,35.3
12/18/2018,RBL,3,Leeward,1,57.3
12/18/2018,RBL,3,Leeward,1,40.2
12/18/2018,RBL,3,Leeward,1,55.2
12/18/2018,RBL,3,Leeward,1,55.8
12/18/2018,RBL,3,Leeward,1,53.3
12/18/2018,RBL,3,Leeward,1,20.1
12/18/2018,RBL,3,Leeward,1,32
12/18/2018,RBL,3,Leeward,1,25.1
12/18/2018,RBL,3,Leeward,2,92.2
12/18/2018,RBL,3,Leeward,2,73.5
12/18/2018,RBL,3,Leeward,2,25.3
12/18/2018,RBL,3,Leeward,2,51.1
12/18/2018,RBL,3,Leeward,2,20.2
12/18/2018,RBL,3,Leeward,2,65
12/18/2018,RBL,3,Leeward,2,44.1
12/18/2018,RBL,3,Leeward,2,50.1
12/18/2018,RBL,3,Leeward,3,80.1
12/18/2018,RBL,3,Leeward,3,40.6
12/18/2018,RBL,3,Leeward,3,40.7
12/18/2018,RBL,3,Leeward,3,35.2
12/18/2018,RBL,3,Leeward,3,37
12/18/2018,RBL,3,Leeward,3,35.2
12/18/2018,RBL,3,Leeward,3,40.1
12/18/2018,RBL,3,Leeward,3,42.3
12/18/2018,RBL,3,Leeward,3,80.1
12/18/2018,RBL,3,Leeward,3,60.9
12/18/2018,RBL,3,Leeward,3,30.9
12/18/2018,RBL,3,Leeward,3,28.7
12/18/2018,RBL,3,Leeward,3,15.2
12/18/2018,JAX,1,Windward,1,83
12/18/2018,JAX,1,Windward,1,63
12/18/2018,JAX,1,Windward,1,87
12/18/2018,JAX,1,Windward,1,87.4
12/18/2018,JAX,1,Windward,1,54.2
12/18/2018,JAX,1,Windward,2,55.5
12/18/2018,JAX,1,Windward,2,41
12/18/2018,JAX,1,Windward,2,71.3
12/18/2018,JAX,1,Windward,3,78.3
12/18/2018,JAX,1,Windward,3,44.8
12/18/2018,JAX,1,Windward,3,57.3
12/18/2018,JAX,1,Leeward,1,33.9
12/18/2018,JAX,1,Leeward,1,96.2
12/18/2018,JAX,1,Leeward,1,65
12/18/2018,JAX,1,Leeward,1,39.5
12/18/2018,JAX,1,Leeward,2,20
12/18/2018,JAX,1,Leeward,2,23.5
12/18/2018,JAX,1,Leeward,2,59.4
12/18/2018,JAX,1,Leeward,2,72.9
12/18/2018,JAX,1,Leeward,3,53.6
12/18/2018,JAX,1,Leeward,3,21.1
12/18/2018,JAX,2,Windward,1,76.8
12/18/2018,JAX,2,Windward,1,32.6
12/18/2018,JAX,2,Windward,1,37.2
12/18/2018,JAX,2,Windward,2,31.1
12/18/2018,JAX,2,Windward,2,80.6
12/18/2018,JAX,2,Windward,2,49.3
12/18/2018,JAX,2,Leeward,1,12.3
12/18/2018,JAX,2,Leeward,1,19.1
12/18/2018,JAX,2,Leeward,1,23.1
12/18/2018,JAX,2,Leeward,1,64.3
12/18/2018,JAX,2,Leeward,1,52.3
12/18/2018,JAX,2,Leeward,2,70.1
12/18/2018,JAX,2,Leeward,2,55.4
12/18/2018,JAX,2,Leeward,2,37.8
12/18/2018,JAX,2,Leeward,2,53.9
12/18/2018,JAX,2,Leeward,2,61
12/18/2018,JAX,2,Leeward,2,68.4
12/18/2018,JAX,2,Leeward,3,34.1
12/18/2018,JAX,2,Leeward,3,60.7
12/18/2018,JAX,2,Leeward,3,67.2
12/18/2018,JAX,2,Leeward,3,79.3
12/18/2018,JAX,2,Leeward,3,68.8
12/18/2018,JAX,2,Leeward,3,37.4
12/18/2018,JAX,2,Leeward,3,51.4
12/18/2018,JAX,3,Windward,1,49.6
12/18/2018,JAX,3,Windward,1,71.2
12/18/2018,JAX,3,Windward,1,40.8
12/18/2018,JAX,3,Windward,3,50.8
12/18/2018,JAX,3,Windward,3,60.7
12/18/2018,JAX,3,Leeward,1,77.9
12/18/2018,JAX,3,Leeward,1,76.6
12/18/2018,JAX,3,Leeward,1,48.5
12/18/2018,JAX,3,Leeward,1,34.1
12/18/2018,JAX,3,Leeward,2,42.1
12/18/2018,JAX,3,Leeward,2,52.8
12/18/2018,JAX,3,Leeward,2,39.8
12/18/2018,JAX,3,Leeward,2,63.4
12/18/2018,JAX,3,Leeward,2,82.9
12/18/2018,JAX,3,Leeward,3,59.1
12/18/2018,JAX,3,Leeward,3,59.1
12/18/2018,JAX,3,Leeward,3,71.5
12/18/2018,JAX,3,Leeward,3,46.6
12/5/2019,WAD,1,Windward,1,71
12/5/2019,WAD,1,Windward,1,68
12/5/2019,WAD,1,Windward,1,55
12/5/2019,WAD,1,Windward,1,81
12/5/2019,WAD,1,Windward,1,39
12/5/2019,WAD,1,Windward,1,58
12/5/2019,WAD,1,Windward,1,63
12/5/2019,WAD,1,Windward,1,72
12/5/2019,WAD,1,Windward,1,68
12/5/2019,WAD,1,Windward,1,70
12/5/2019,WAD,1,Windward,1,58
12/5/2019,WAD,1,Windward,2,85
12/5/2019,WAD,1,Windward,2,91
12/5/2019,WAD,1,Windward,2,79
12/5/2019,WAD,1,Windward,2,80
12/5/2019,WAD,1,Windward,2,58
12/5/2019,WAD,1,Windward,2,86
12/5/2019,WAD,1,Windward,3,91
12/5/2019,WAD,1,Windward,3,70
12/5/2019,WAD,1,Windward,3,68
12/5/2019,WAD,1,Windward,3,52
12/5/2019,WAD,1,Windward,3,74
12/5/2019,WAD,1,Windward,3,49
12/5/2019,WAD,1,Windward,3,65
12/5/2019,WAD,1,Windward,3,51
12/5/2019,WAD,1,Windward,3,88
12/5/2019,WAD,1,Windward,3,62
12/5/2019,WAD,1,Windward,3,61
12/5/2019,WAD,1,Windward,3,65
12/5/2019,WAD,1,Leeward,1,81
12/5/2019,WAD,1,Leeward,1,84
12/5/2019,WAD,1,Leeward,1,92
12/5/2019,WAD,1,Leeward,1,53
12/5/2019,WAD,1,Leeward,1,48
12/5/2019,WAD,1,Leeward,1,65
12/5/2019,WAD,1,Leeward,1,59
12/5/2019,WAD,1,Leeward,1,73
12/5/2019,WAD,1,Leeward,1,33
12/5/2019,WAD,1,Leeward,1,42
12/5/2019,WAD,1,Leeward,2,77
12/5/2019,WAD,1,Leeward,2,103
12/5/2019,WAD,1,Leeward,2,54
12/5/2019,WAD,1,Leeward,2,72
12/5/2019,WAD,1,Leeward,2,62
12/5/2019,WAD,1,Leeward,2,51
12/5/2019,WAD,1,Leeward,2,41
12/5/2019,WAD,1,Leeward,2,63
12/5/2019,WAD,1,Leeward,3,94
12/5/2019,WAD,1,Leeward,3,93
12/5/2019,WAD,1,Leeward,3,99
12/5/2019,WAD,1,Leeward,3,58
12/5/2019,WAD,1,Leeward,3,65
12/5/2019,WAD,2,Windward,1,84
12/5/2019,WAD,2,Windward,1,88
12/5/2019,WAD,2,Windward,1,55
12/5/2019,WAD,2,Windward,1,54
12/5/2019,WAD,2,Windward,1,72
12/5/2019,WAD,2,Windward,2,80
12/5/2019,WAD,2,Windward,2,100
12/5/2019,WAD,2,Windward,2,68
12/5/2019,WAD,2,Windward,2,45
12/5/2019,WAD,2,Windward,2,62
12/5/2019,WAD,2,Windward,2,75
12/5/2019,WAD,2,Windward,2,73
12/5/2019,WAD,2,Windward,3,95
12/5/2019,WAD,2,Windward,3,89
12/5/2019,WAD,2,Windward,3,76
12/5/2019,WAD,2,Windward,3,90
12/5/2019,WAD,2,Windward,3,60
12/5/2019,WAD,2,Windward,3,82
12/5/2019,WAD,2,Leeward,1,75
12/5/2019,WAD,2,Leeward,1,74
12/5/2019,WAD,2,Leeward,1,110
12/5/2019,WAD,2,Leeward,1,67
12/5/2019,WAD,2,Leeward,1,72
12/5/2019,WAD,2,Leeward,1,75
12/5/2019,WAD,2,Leeward,2,82
12/5/2019,WAD,2,Leeward,2,67
12/5/2019,WAD,2,Leeward,2,45
12/5/2019,WAD,2,Leeward,2,51
12/5/2019,WAD,2,Leeward,2,50
12/5/2019,WAD,2,Leeward,2,59
12/5/2019,WAD,2,Leeward,2,52
12/5/2019,WAD,2,Leeward,3,78
12/5/2019,WAD,2,Leeward,3,73
12/5/2019,WAD,2,Leeward,3,65
12/5/2019,WAD,2,Leeward,3,72
12/5/2019,WAD,2,Leeward,3,79
12/5/2019,WAD,2,Leeward,3,100
12/5/2019,WAD,2,Leeward,3,67
12/5/2019,WAD,2,Leeward,3,50
12/5/2019,WAD,3,Windward,1,70
12/5/2019,WAD,3,Windward,1,67
12/5/2019,WAD,3,Windward,1,59
12/5/2019,WAD,3,Windward,1,78
12/5/2019,WAD,3,Windward,1,32
12/5/2019,WAD,3,Windward,1,34
12/5/2019,WAD,3,Windward,2,40
12/5/2019,WAD,3,Windward,2,52
12/5/2019,WAD,3,Windward,2,80
12/5/2019,WAD,3,Windward,2,101
12/5/2019,WAD,3,Windward,2,67
12/5/2019,WAD,3,Windward,3,94
12/5/2019,WAD,3,Windward,3,71
12/5/2019,WAD,3,Windward,3,83
12/5/2019,WAD,3,Windward,3,79
12/5/2019,WAD,3,Windward,3,65
12/5/2019,WAD,3,Leeward,1,96
12/5/2019,WAD,3,Leeward,1,85
12/5/2019,WAD,3,Leeward,1,58
12/5/2019,WAD,3,Leeward,1,110
12/5/2019,WAD,3,Leeward,1,48
12/5/2019,WAD,3,Leeward,1,61
12/5/2019,WAD,3,Leeward,1,60
12/5/2019,WAD,3,Leeward,1,48
12/5/2019,WAD,3,Leeward,2,92
12/5/2019,WAD,3,Leeward,2,65
12/5/2019,WAD,3,Leeward,2,58
12/5/2019,WAD,3,Leeward,2,78
12/5/2019,WAD,3,Leeward,2,76
12/5/2019,WAD,3,Leeward,2,81
12/5/2019,WAD,3,Leeward,2,65
12/5/2019,WAD,3,Leeward,2,72
12/5/2019,WAD,3,Leeward,2,59
12/5/2019,WAD,3,Leeward,2,59
12/5/2019,WAD,3,Leeward,2,75
12/5/2019,WAD,3,Leeward,3,64
12/5/2019,WAD,3,Leeward,3,101
12/5/2019,WAD,3,Leeward,3,89
12/5/2019,WAD,3,Leeward,3,45
12/5/2019,WAD,3,Leeward,3,48
12/5/2019,WAD,3,Leeward,3,93
12/5/2019,RBL,1,Windward,1,54
12/5/2019,RBL,1,Windward,1,66
12/5/2019,RBL,1,Windward,1,65
12/5/2019,RBL,1,Windward,1,75
12/5/2019,RBL,1,Windward,1,64
12/5/2019,RBL,1,Windward,1,60
12/5/2019,RBL,1,Windward,1,70
12/5/2019,RBL,1,Windward,1,51
12/5/2019,RBL,1,Windward,1,45
12/5/2019,RBL,1,Windward,1,65
12/5/2019,RBL,1,Windward,2,57
12/5/2019,RBL,1,Windward,2,78
12/5/2019,RBL,1,Windward,2,52
12/5/2019,RBL,1,Windward,2,51
12/5/2019,RBL,1,Windward,2,61
12/5/2019,RBL,1,Windward,2,48
12/5/2019,RBL,1,Windward,2,75
12/5/2019,RBL,1,Windward,2,81
12/5/2019,RBL,1,Windward,3,65
12/5/2019,RBL,1,Windward,3,67
12/5/2019,RBL,1,Windward,3,63
12/5/2019,RBL,1,Windward,3,72
12/5/2019,RBL,1,Windward,3,78
12/5/2019,RBL,1,Windward,3,51
12/5/2019,RBL,1,Windward,3,34
12/5/2019,RBL,1,Leeward,1,51
12/5/2019,RBL,1,Leeward,1,70
12/5/2019,RBL,1,Leeward,1,59
12/5/2019,RBL,1,Leeward,1,65
12/5/2019,RBL,1,Leeward,1,61
12/5/2019,RBL,1,Leeward,1,42
12/5/2019,RBL,1,Leeward,1,45
12/5/2019,RBL,1,Leeward,1,31
12/5/2019,RBL,1,Leeward,1,68
12/5/2019,RBL,1,Leeward,1,58
12/5/2019,RBL,1,Leeward,2,51
12/5/2019,RBL,1,Leeward,2,62
12/5/2019,RBL,1,Leeward,2,42
12/5/2019,RBL,1,Leeward,2,48
12/5/2019,RBL,1,Leeward,2,38
12/5/2019,RBL,1,Leeward,2,34
12/5/2019,RBL,1,Leeward,2,40
12/5/2019,RBL,1,Leeward,3,45
12/5/2019,RBL,1,Leeward,3,64
12/5/2019,RBL,1,Leeward,3,43
12/5/2019,RBL,1,Leeward,3,68
12/5/2019,RBL,1,Leeward,3,62
12/5/2019,RBL,1,Leeward,3,50
12/5/2019,RBL,1,Leeward,3,50
12/5/2019,RBL,1,Leeward,3,50
12/5/2019,RBL,1,Leeward,3,50
12/13/2019,RBL,2,Windward,1,59
12/13/2019,RBL,2,Windward,1,60
12/13/2019,RBL,2,Windward,1,51
12/13/2019,RBL,2,Windward,1,42
12/13/2019,RBL,2,Windward,1,26
12/13/2019,RBL,2,Windward,1,50
12/13/2019,RBL,2,Windward,1,33
12/13/2019,RBL,2,Windward,1,59
12/13/2019,RBL,2,Windward,1,46
12/13/2019,RBL,2,Windward,1,81
12/13/2019,RBL,2,Windward,1,54
12/13/2019,RBL,2,Windward,1,57
12/13/2019,RBL,2,Windward,1,44
12/13/2019,RBL,2,Windward,2,42
12/13/2019,RBL,2,Windward,2,36
12/13/2019,RBL,2,Windward,2,58
12/13/2019,RBL,2,Windward,2,61
12/13/2019,RBL,2,Windward,2,38
12/13/2019,RBL,2,Windward,2,80
12/13/2019,RBL,2,Windward,2,54
12/13/2019,RBL,2,Windward,3,68
12/13/2019,RBL,2,Windward,3,56
12/13/2019,RBL,2,Windward,3,35
12/13/2019,RBL,2,Windward,3,59
12/13/2019,RBL,2,Leeward,1,52
12/13/2019,RBL,2,Leeward,1,81
12/13/2019,RBL,2,Leeward,1,53
12/13/2019,RBL,2,Leeward,1,46
12/13/2019,RBL,2,Leeward,1,55
12/13/2019,RBL,2,Leeward,1,51
12/13/2019,RBL,2,Leeward,1,50
12/13/2019,RBL,2,Leeward,1,63
12/13/2019,RBL,2,Leeward,1,60
12/13/2019,RBL,2,Leeward,1,74
12/13/2019,RBL,2,Leeward,1,39
12/13/2019,RBL,2,Leeward,1,55
12/13/2019,RBL,2,Leeward,1,40
12/13/2019,RBL,2,Leeward,1,53
12/13/2019,RBL,2,Leeward,1,43
12/13/2019,RBL,2,Leeward,2,58
12/13/2019,RBL,2,Leeward,2,64
12/13/2019,RBL,2,Leeward,2,49
12/13/2019,RBL,2,Leeward,2,63
12/13/2019,RBL,2,Leeward,2,73
12/13/2019,RBL,2,Leeward,2,44
12/13/2019,RBL,2,Leeward,2,60
12/13/2019,RBL,2,Leeward,2,50
12/13/2019,RBL,2,Leeward,2,50
12/13/2019,RBL,2,Leeward,2,50
12/13/2019,RBL,2,Leeward,3,62
12/13/2019,RBL,2,Leeward,3,50
12/13/2019,RBL,2,Leeward,3,61
12/13/2019,RBL,2,Leeward,3,59
12/13/2019,RBL,2,Leeward,3,73
12/13/2019,RBL,3,Windward,1,71
12/13/2019,RBL,3,Windward,1,64
12/13/2019,RBL,3,Windward,1,90
12/13/2019,RBL,3,Windward,1,59
12/13/2019,RBL,3,Windward,1,85
12/13/2019,RBL,3,Windward,1,45
12/13/2019,RBL,3,Windward,1,77
12/13/2019,RBL,3,Windward,2,74
12/13/2019,RBL,3,Windward,2,73
12/13/2019,RBL,3,Windward,2,65
12/13/2019,RBL,3,Windward,2,80
12/13/2019,RBL,3,Windward,2,65
12/13/2019,RBL,3,Windward,3,72
12/13/2019,RBL,3,Windward,3,61
12/13/2019,RBL,3,Windward,3,71
12/13/2019,RBL,3,Windward,3,52
12/13/2019,RBL,3,Windward,3,49
12/13/2019,RBL,3,Windward,3,82
12/13/2019,RBL,3,Windward,3,66
12/13/2019,RBL,3,Leeward,1,57
12/13/2019,RBL,3,Leeward,1,61
12/13/2019,RBL,3,Leeward,1,75
12/13/2019,RBL,3,Leeward,1,92
12/13/2019,RBL,3,Leeward,1,58
12/13/2019,RBL,3,Leeward,2,77
12/13/2019,RBL,3,Leeward,2,68
12/13/2019,RBL,3,Leeward,2,71
12/13/2019,RBL,3,Leeward,2,61
12/13/2019,RBL,3,Leeward,2,52
12/13/2019,RBL,3,Leeward,2,51
12/13/2019,RBL,3,Leeward,2,47
12/13/2019,RBL,3,Leeward,2,62
12/13/2019,RBL,3,Leeward,3,75
12/13/2019,RBL,3,Leeward,3,51
12/13/2019,RBL,3,Leeward,3,47
12/13/2019,RBL,3,Leeward,3,55
12/13/2019,RBL,3,Leeward,3,53
12/13/2019,RFB2,1,Windward,1,84
12/13/2019,RFB2,1,Windward,2,70
12/13/2019,RFB2,1,Windward,2,66
12/13/2019,RFB2,1,Windward,2,88
12/13/2019,RFB2,1,Windward,2,50
12/13/2019,RFB2,1,Windward,2,93
12/13/2019,RFB2,1,Windward,2,64
12/13/2019,RFB2,1,Windward,3,85
12/13/2019,RFB2,1,Windward,3,79
12/13/2019,RFB2,1,Windward,3,79
12/13/2019,RFB2,1,Windward,3,64
12/13/2019,RFB2,1,Windward,3,80
12/13/2019,RFB2,1,Windward,3,79
12/13/2019,RFB2,1,Windward,3,57
12/13/2019,RFB2,1,Leeward,1,59
12/13/2019,RFB2,1,Leeward,1,62
12/13/2019,RFB2,1,Leeward,1,58
12/13/2019,RFB2,1,Leeward,1,57
12/13/2019,RFB2,1,Leeward,1,73
12/13/2019,RFB2,1,Leeward,1,37
12/13/2019,RFB2,1,Leeward,1,51
12/13/2019,RFB2,1,Leeward,2,61
12/13/2019,RFB2,1,Leeward,2,65
12/13/2019,RFB2,1,Leeward,2,49
12/13/2019,RFB2,1,Leeward,2,90
12/13/2019,RFB2,1,Leeward,2,67
12/13/2019,RFB2,1,Leeward,2,87
12/13/2019,RFB2,1,Leeward,2,91
12/13/2019,RFB2,1,Leeward,2,76
12/13/2019,RFB2,1,Leeward,3,80
12/13/2019,RFB2,1,Leeward,3,105
12/13/2019,RFB2,1,Leeward,3,75
12/13/2019,RFB2,1,Leeward,3,66
12/13/2019,RFB2,1,Leeward,3,54
12/13/2019,RFB2,1,Leeward,3,68
12/13/2019,RFB2,1,Leeward,3,69
12/13/2019,RFB2,1,Leeward,3,59
12/13/2019,RFB2,1,Leeward,3,84
12/13/2019,RFB2,1,Leeward,3,55
12/13/2019,RFB2,2,Windward,1,78
12/13/2019,RFB2,2,Windward,1,110
12/13/2019,RFB2,2,Windward,2,85
12/13/2019,RFB2,2,Windward,2,73
12/13/2019,RFB2,2,Windward,2,69
12/13/2019,RFB2,2,Windward,3,66
12/13/2019,RFB2,2,Windward,3,65
12/13/2019,RFB2,2,Windward,3,67
12/13/2019,RFB2,2,Windward,3,72
12/13/2019,RFB2,2,Windward,3,57
12/13/2019,RFB2,2,Windward,3,61
12/13/2019,RFB2,2,Windward,3,53
12/13/2019,RFB2,2,Windward,3,80
12/13/2019,RFB2,2,Windward,3,71
12/13/2019,RFB2,2,Windward,3,64
12/13/2019,RFB2,2,Windward,3,82
12/13/2019,RFB2,2,Windward,3,57
12/13/2019,RFB2,2,Windward,3,71
12/13/2019,RFB2,2,Windward,3,109
12/13/2019,RFB2,2,Leeward,1,59
12/13/2019,RFB2,2,Leeward,1,65
12/13/2019,RFB2,2,Leeward,1,74
12/13/2019,RFB2,2,Leeward,1,66
12/13/2019,RFB2,2,Leeward,1,49
12/13/2019,RFB2,2,Leeward,1,45
12/13/2019,RFB2,2,Leeward,1,70
12/13/2019,RFB2,2,Leeward,1,60
12/13/2019,RFB2,2,Leeward,1,56
12/13/2019,RFB2,2,Leeward,1,52
12/13/2019,RFB2,2,Leeward,1,50
12/13/2019,RFB2,2,Leeward,1,46
12/13/2019,RFB2,2,Leeward,1,32
12/13/2019,RFB2,2,Leeward,1,43
12/13/2019,RFB2,2,Leeward,1,70
12/13/2019,RFB2,2,Leeward,1,59
12/13/2019,RFB2,2,Leeward,1,77
12/13/2019,RFB2,2,Leeward,2,81
12/13/2019,RFB2,2,Leeward,2,51
12/13/2019,RFB2,2,Leeward,2,75
12/13/2019,RFB2,2,Leeward,2,90
12/13/2019,RFB2,2,Leeward,2,52
12/13/2019,RFB2,2,Leeward,2,65
12/13/2019,RFB2,2,Leeward,2,45
12/13/2019,RFB2,2,Leeward,3,86
12/13/2019,RFB2,2,Leeward,3,81
12/13/2019,RFB2,2,Leeward,3,65
12/13/2019,RFB2,2,Leeward,3,85
12/13/2019,RFB2,2,Leeward,3,66
12/13/2019,RFB2,2,Leeward,3,60
12/13/2019,RFB2,2,Leeward,3,45
12/13/2019,RFB2,2,Leeward,3,59
12/13/2019,RFB2,2,Leeward,3,46
12/13/2019,RFB2,2,Leeward,3,74
12/13/2019,RFB2,2,Leeward,3,76
12/13/2019,RFB2,2,Leeward,3,53
12/13/2019,RFB2,2,Leeward,3,105
12/13/2019,RFB2,3,Windward,1,65
12/13/2019,RFB2,3,Windward,1,83
12/13/2019,RFB2,3,Windward,1,56
12/13/2019,RFB2,3,Windward,1,87
12/13/2019,RFB2,3,Windward,1,67
12/13/2019,RFB2,3,Windward,2,60
12/13/2019,RFB2,3,Windward,2,61
12/13/2019,RFB2,3,Windward,2,81
12/13/2019,RFB2,3,Windward,2,86
12/13/2019,RFB2,3,Windward,3,65
12/13/2019,RFB2,3,Windward,3,59
12/13/2019,RFB2,3,Windward,3,56
12/13/2019,RFB2,3,Windward,3,80
12/13/2019,RFB2,3,Windward,3,55
12/13/2019,RFB2,3,Windward,3,56
12/13/2019,RFB2,3,Windward,3,70
12/13/2019,RFB2,3,Windward,3,90
12/13/2019,RFB2,3,Windward,3,52
12/13/2019,RFB2,3,Leeward,1,77
12/13/2019,RFB2,3,Leeward,1,98
12/13/2019,RFB2,3,Leeward,1,113
12/13/2019,RFB2,3,Leeward,1,63
12/13/2019,RFB2,3,Leeward,1,65
12/13/2019,RFB2,3,Leeward,1,81
12/13/2019,RFB2,3,Leeward,1,70
12/13/2019,RFB2,3,Leeward,1,85
12/13/2019,RFB2,3,Leeward,1,56
12/13/2019,RFB2,3,Leeward,2,96
12/13/2019,RFB2,3,Leeward,2,74
12/13/2019,RFB2,3,Leeward,2,78
12/13/2019,RFB2,3,Leeward,2,66
12/13/2019,RFB2,3,Leeward,2,65
12/13/2019,RFB2,3,Leeward,2,64
12/13/2019,RFB2,3,Leeward,2,61
12/13/2019,RFB2,3,Leeward,2,61
12/13/2019,RFB2,3,Leeward,3,71
12/13/2019,RFB2,3,Leeward,3,82
12/13/2019,RFB2,3,Leeward,3,70
12/13/2019,RFB2,3,Leeward,3,67
12/13/2019,RFB2,3,Leeward,3,80
12/13/2019,RFB2,3,Leeward,3,92
12/13/2019,RFB2,3,Leeward,3,74
12/13/2019,RFB2,3,Leeward,3,75
12/13/2019,RFB2,3,Leeward,3,57
12/13/2019,RFB2,3,Leeward,3,88
12/13/2019,RFB3,1,Windward,1,69
12/13/2019,RFB3,1,Windward,1,55
12/13/2019,RFB3,1,Windward,2,61
12/13/2019,RFB3,1,Windward,2,79
12/13/2019,RFB3,1,Windward,2,85
12/13/2019,RFB3,1,Windward,2,60
12/13/2019,RFB3,1,Windward,2,70
12/13/2019,RFB3,1,Windward,3,90
12/13/2019,RFB3,1,Windward,3,58
12/13/2019,RFB3,1,Windward,3,67
12/13/2019,RFB3,1,Windward,3,39
12/13/2019,RFB3,1,Windward,3,54
12/13/2019,RFB3,1,Windward,3,53
12/13/2019,RFB3,1,Windward,3,79
12/13/2019,RFB3,1,Windward,3,49
12/13/2019,RFB3,1,Windward,3,48
12/13/2019,RFB3,1,Windward,3,51
12/13/2019,RFB3,1,Leeward,1,42
12/13/2019,RFB3,1,Leeward,1,51
12/13/2019,RFB3,1,Leeward,1,31
12/13/2019,RFB3,1,Leeward,1,60
12/13/2019,RFB3,1,Leeward,1,63
12/13/2019,RFB3,1,Leeward,1,85
12/13/2019,RFB3,1,Leeward,1,71
12/13/2019,RFB3,1,Leeward,1,90
12/13/2019,RFB3,1,Leeward,1,77
12/13/2019,RFB3,1,Leeward,1,45
12/13/2019,RFB3,1,Leeward,1,53
12/13/2019,RFB3,1,Leeward,1,46
12/13/2019,RFB3,1,Leeward,1,74
12/13/2019,RFB3,1,Leeward,1,101
12/13/2019,RFB3,1,Leeward,1,76
12/13/2019,RFB3,1,Leeward,2,70
12/13/2019,RFB3,1,Leeward,2,45
12/13/2019,RFB3,1,Leeward,2,107
12/13/2019,RFB3,1,Leeward,2,69
12/13/2019,RFB3,1,Leeward,2,36
12/13/2019,RFB3,1,Leeward,2,84
12/13/2019,RFB3,1,Leeward,2,62
12/13/2019,RFB3,1,Leeward,2,72
12/13/2019,RFB3,1,Leeward,2,50
12/13/2019,RFB3,1,Leeward,2,44
12/13/2019,RFB3,1,Leeward,2,72
12/13/2019,RFB3,1,Leeward,3,86
12/13/2019,RFB3,1,Leeward,3,93
12/13/2019,RFB3,1,Leeward,3,81
12/13/2019,RFB3,1,Leeward,3,63
12/13/2019,RFB3,1,Leeward,3,85
12/13/2019,RFB3,1,Leeward,3,62
12/13/2019,RFB3,1,Leeward,3,67
12/13/2019,RFB3,1,Leeward,3,56
12/13/2019,RFB3,2,Windward,1,101
12/13/2019,RFB3,2,Windward,1,82
12/13/2019,RFB3,2,Windward,1,72
12/13/2019,RFB3,2,Windward,1,69
12/13/2019,RFB3,2,Windward,1,56
12/13/2019,RFB3,2,Windward,2,77
12/13/2019,RFB3,2,Windward,3,86
12/13/2019,RFB3,2,Windward,3,75
12/13/2019,RFB3,2,Windward,3,58
12/13/2019,RFB3,2,Windward,3,71
12/13/2019,RFB3,2,Windward,3,55
12/13/2019,RFB3,2,Leeward,1,75
12/13/2019,RFB3,2,Leeward,1,92
12/13/2019,RFB3,2,Leeward,1,72
12/13/2019,RFB3,2,Leeward,1,61
12/13/2019,RFB3,2,Leeward,1,76
12/13/2019,RFB3,2,Leeward,1,51
12/13/2019,RFB3,2,Leeward,1,55
12/13/2019,RFB3,2,Leeward,2,69
12/13/2019,RFB3,2,Leeward,2,54
12/13/2019,RFB3,2,Leeward,2,56
12/13/2019,RFB3,2,Leeward,2,71
12/13/2019,RFB3,2,Leeward,2,83
12/13/2019,RFB3,2,Leeward,2,94
12/13/2019,RFB3,2,Leeward,2,90
12/13/2019,RFB3,2,Leeward,2,56
12/13/2019,RFB3,2,Leeward,3,61
12/13/2019,RFB3,2,Leeward,3,70
12/13/2019,RFB3,2,Leeward,3,46
12/13/2019,RFB3,2,Leeward,3,62
12/13/2019,RFB3,2,Leeward,3,56
12/13/2019,RFB3,2,Leeward,3,92
12/13/2019,RFB3,2,Leeward,3,40
12/13/2019,RFB3,3,Windward,1,82
12/13/2019,RFB3,3,Windward,1,88
12/13/2019,RFB3,3,Windward,1,71
12/13/2019,RFB3,3,Windward,1,75
12/13/2019,RFB3,3,Windward,1,40
12/13/2019,RFB3,3,Windward,1,68
12/13/2019,RFB3,3,Windward,1,45
12/13/2019,RFB3,3,Windward,1,82
12/13/2019,RFB3,3,Windward,1,54
12/13/2019,RFB3,3,Windward,1,80
12/13/2019,RFB3,3,Windward,1,59
12/13/2019,RFB3,3,Windward,2,63
12/13/2019,RFB3,3,Windward,2,70
12/13/2019,RFB3,3,Windward,2,70
12/13/2019,RFB3,3,Windward,2,49
12/13/2019,RFB3,3,Windward,2,79
12/13/2019,RFB3,3,Windward,2,55
12/13/2019,RFB3,3,Windward,3,82
12/13/2019,RFB3,3,Windward,3,95
12/13/2019,RFB3,3,Windward,3,64
12/13/2019,RFB3,3,Windward,3,71
12/13/2019,RFB3,3,Windward,3,75
12/13/2019,RFB3,3,Windward,3,60
12/13/2019,RFB3,3,Windward,3,65
12/13/2019,RFB3,3,Leeward,1,82
12/13/2019,RFB3,3,Leeward,1,77
12/13/2019,RFB3,3,Leeward,1,78
12/13/2019,RFB3,3,Leeward,1,94
12/13/2019,RFB3,3,Leeward,1,68
12/13/2019,RFB3,3,Leeward,1,62
12/13/2019,RFB3,3,Leeward,1,64
12/13/2019,RFB3,3,Leeward,1,48
12/13/2019,RFB3,3,Leeward,2,73
12/13/2019,RFB3,3,Leeward,2,112
12/13/2019,RFB3,3,Leeward,2,84
12/13/2019,RFB3,3,Leeward,2,58
12/13/2019,RFB3,3,Leeward,2,80
12/13/2019,RFB3,3,Leeward,2,94
12/13/2019,RFB3,3,Leeward,2,65
12/13/2019,RFB3,3,Leeward,2,78
12/13/2019,RFB3,3,Leeward,2,70
12/13/2019,RFB3,3,Leeward,3,70
12/13/2019,RFB3,3,Leeward,3,53
12/13/2019,RFB3,3,Leeward,3,80
12/13/2019,RFB3,3,Leeward,3,75
12/13/2019,RFB3,3,Leeward,3,50
12/13/2019,RFB3,3,Leeward,3,68
12/13/2019,RFB3,3,Leeward,3,74
12/13/2019,RFB3,3,Leeward,3,54
12/5/2019,JAX,1,Windward,1,78
12/5/2019,JAX,1,Windward,3,75
12/5/2019,JAX,1,Leeward,1,98
12/5/2019,JAX,1,Leeward,1,65
12/5/2019,JAX,1,Leeward,1,64
12/5/2019,JAX,1,Leeward,1,81
12/5/2019,JAX,1,Leeward,1,81
12/5/2019,JAX,1,Leeward,1,54
12/5/2019,JAX,1,Leeward,2,63
12/5/2019,JAX,1,Leeward,2,71
12/5/2019,JAX,1,Leeward,2,65
12/5/2019,JAX,1,Leeward,2,53
12/5/2019,JAX,1,Leeward,2,78
12/5/2019,JAX,1,Leeward,3,91
12/5/2019,JAX,1,Leeward,3,98
12/5/2019,JAX,1,Leeward,3,65
12/5/2019,JAX,1,Leeward,3,68
12/5/2019,JAX,2,Windward,3,73
12/5/2019,JAX,2,Windward,3,65
12/5/2019,JAX,2,Leeward,1,53
12/5/2019,JAX,2,Leeward,1,52
12/5/2019,JAX,2,Leeward,1,71
12/5/2019,JAX,2,Leeward,1,61
12/5/2019,JAX,2,Leeward,1,45
12/5/2019,JAX,2,Leeward,1,60
12/5/2019,JAX,2,Leeward,2,78
12/5/2019,JAX,2,Leeward,2,64
12/5/2019,JAX,2,Leeward,2,75
12/5/2019,JAX,2,Leeward,2,54
12/5/2019,JAX,2,Leeward,3,76
12/5/2019,JAX,2,Leeward,3,85
12/5/2019,JAX,2,Leeward,3,90
12/5/2019,JAX,2,Leeward,3,89
12/5/2019,JAX,3,Windward,2,78
12/5/2019,JAX,3,Windward,2,47
12/5/2019,JAX,3,Windward,3,65
12/5/2019,JAX,3,Windward,3,60
12/5/2019,JAX,3,Leeward,1,40
12/5/2019,JAX,3,Leeward,1,51
12/5/2019,JAX,3,Leeward,1,75
12/5/2019,JAX,3,Leeward,1,55
12/5/2019,JAX,3,Leeward,2,100
12/5/2019,JAX,3,Leeward,2,47
12/5/2019,JAX,3,Leeward,3,74
12/5/2019,JAX,3,Leeward,3,84
12/5/2019,JAX,3,Leeward,3,58
12/5/2019,JAX,3,Leeward,3,66
12/5/2019,OB,1,Windward,1,91
12/5/2019,OB,1,Windward,1,61
12/5/2019,OB,1,Windward,1,58
12/5/2019,OB,1,Windward,1,59
12/5/2019,OB,1,Windward,2,71
12/5/2019,OB,1,Windward,2,42
12/5/2019,OB,1,Windward,2,68
12/5/2019,OB,1,Windward,3,54
12/5/2019,OB,1,Windward,3,70
12/5/2019,OB,1,Windward,3,68
12/5/2019,OB,1,Windward,3,54
12/5/2019,OB,1,Windward,3,53
12/5/2019,OB,1,Windward,3,61
12/5/2019,OB,1,Windward,3,79
12/5/2019,OB,1,Windward,3,46
12/5/2019,OB,1,Windward,3,58
12/5/2019,OB,1,Leeward,1,54
12/5/2019,OB,1,Leeward,1,74
12/5/2019,OB,1,Leeward,1,49
12/5/2019,OB,1,Leeward,1,45
12/5/2019,OB,1,Leeward,1,38
12/5/2019,OB,1,Leeward,1,49
12/5/2019,OB,1,Leeward,1,51
12/5/2019,OB,1,Leeward,1,52
12/5/2019,OB,1,Leeward,2,35
12/5/2019,OB,1,Leeward,2,42
12/5/2019,OB,1,Leeward,2,61
12/5/2019,OB,1,Leeward,2,60
12/5/2019,OB,1,Leeward,2,59
12/5/2019,OB,1,Leeward,2,71
12/5/2019,OB,1,Leeward,2,67
12/5/2019,OB,1,Leeward,2,48
12/5/2019,OB,1,Leeward,2,75
12/5/2019,OB,1,Leeward,3,50
12/5/2019,OB,1,Leeward,3,74
12/5/2019,OB,1,Leeward,3,70
12/5/2019,OB,1,Leeward,3,34
12/5/2019,OB,1,Leeward,3,49
12/5/2019,OB,1,Leeward,3,42
12/5/2019,OB,1,Leeward,3,41
12/5/2019,OB,1,Leeward,3,51
12/5/2019,OB,1,Leeward,3,46
12/5/2019,OB,1,Leeward,3,40
12/5/2019,OB,2,Windward,1,71
12/5/2019,OB,2,Windward,1,80
12/5/2019,OB,2,Windward,1,91
12/5/2019,OB,2,Windward,1,48
12/5/2019,OB,2,Windward,1,42
12/5/2019,OB,2,Windward,1,65
12/5/2019,OB,2,Windward,1,48
12/5/2019,OB,2,Windward,1,34
12/5/2019,OB,2,Windward,2,73
12/5/2019,OB,2,Windward,2,50
12/5/2019,OB,2,Windward,2,57
12/5/2019,OB,2,Windward,2,78
12/5/2019,OB,2,Windward,2,68
12/5/2019,OB,2,Windward,2,65
12/5/2019,OB,2,Windward,2,75
12/5/2019,OB,2,Windward,2,45
12/5/2019,OB,2,Windward,2,38
12/5/2019,OB,2,Windward,3,60
12/5/2019,OB,2,Windward,3,46
12/5/2019,OB,2,Windward,3,45
12/5/2019,OB,2,Windward,3,38
12/5/2019,OB,2,Windward,3,37
12/5/2019,OB,2,Leeward,1,62
12/5/2019,OB,2,Leeward,1,60
12/5/2019,OB,2,Leeward,1,34
12/5/2019,OB,2,Leeward,1,55
12/5/2019,OB,2,Leeward,1,53
12/5/2019,OB,2,Leeward,2,75
12/5/2019,OB,2,Leeward,2,68
12/5/2019,OB,2,Leeward,2,52
12/5/2019,OB,2,Leeward,2,48
12/5/2019,OB,2,Leeward,2,49
12/5/2019,OB,2,Leeward,2,48
12/5/2019,OB,2,Leeward,2,45
12/5/2019,OB,2,Leeward,2,32
12/5/2019,OB,2,Leeward,3,63
12/5/2019,OB,2,Leeward,3,66
12/5/2019,OB,2,Leeward,3,58
12/5/2019,OB,2,Leeward,3,59
12/5/2019,OB,2,Leeward,3,62
12/5/2019,OB,2,Leeward,3,53
12/5/2019,OB,2,Leeward,3,65
12/5/2019,OB,2,Leeward,3,58
12/5/2019,OB,2,Leeward,3,70
12/5/2019,OB,2,Leeward,3,40
12/5/2019,OB,2,Leeward,3,35
12/5/2019,OB,3,Windward,1,75.9
12/5/2019,OB,3,Windward,1,76
12/5/2019,OB,3,Windward,1,74
12/5/2019,OB,3,Windward,1,54
12/5/2019,OB,3,Windward,1,61
12/5/2019,OB,3,Windward,1,75
12/5/2019,OB,3,Windward,2,90
12/5/2019,OB,3,Windward,2,65
12/5/2019,OB,3,Windward,2,76
12/5/2019,OB,3,Windward,2,62
12/5/2019,OB,3,Windward,2,51
12/5/2019,OB,3,Windward,3,88
12/5/2019,OB,3,Windward,3,87
12/5/2019,OB,3,Windward,3,85
12/5/2019,OB,3,Windward,3,54
12/5/2019,OB,3,Windward,3,73
12/5/2019,OB,3,Leeward,1,46
12/5/2019,OB,3,Leeward,1,55
12/5/2019,OB,3,Leeward,1,43
12/5/2019,OB,3,Leeward,1,40
12/5/2019,OB,3,Leeward,1,36
12/5/2019,OB,3,Leeward,1,37
12/5/2019,OB,3,Leeward,1,52
12/5/2019,OB,3,Leeward,1,42
12/5/2019,OB,3,Leeward,1,44
12/5/2019,OB,3,Leeward,1,37
12/5/2019,OB,3,Leeward,2,51
12/5/2019,OB,3,Leeward,2,42
12/5/2019,OB,3,Leeward,2,54
12/5/2019,OB,3,Leeward,2,48
12/5/2019,OB,3,Leeward,2,47
12/5/2019,OB,3,Leeward,2,53
12/5/2019,OB,3,Leeward,2,51
12/5/2019,OB,3,Leeward,2,52
12/5/2019,OB,3,Leeward,2,52
12/5/2019,OB,3,Leeward,2,45
12/5/2019,OB,3,Leeward,2,48
12/5/2019,OB,3,Leeward,3,58
12/5/2019,OB,3,Leeward,3,63
12/5/2019,OB,3,Leeward,3,45
12/5/2019,OB,3,Leeward,3,51
12/5/2019,OB,3,Leeward,3,60
12/5/2019,OB,3,Leeward,3,63
12/5/2019,OB,3,Leeward,3,54
12/5/2019,OB,3,Leeward,3,52
12/5/2019,OB,3,Leeward,3,37
12/5/2019,OB,3,Leeward,3,70
12/5/2019,OB,3,Leeward,3,67
12/5/2019,OB,3,Leeward,3,40
